epoch,step,train_loss_epoch,train_loss_step,val/mse,val_loss
0,49,,0.30912214517593384,,
0,99,,0.24041609466075897,,
0,149,,0.1200384646654129,,
0,199,,0.16415005922317505,,
0,249,,0.14551691710948944,,
0,299,,0.18494977056980133,,
0,349,,0.2077508419752121,,
0,399,,0.16952410340309143,,
0,449,,0.10525671392679214,,
0,499,,0.08828873187303543,,
0,549,,0.0758717879652977,,
0,599,,0.06352921575307846,,
0,649,,0.06293486058712006,,
0,699,,0.0262326430529356,,
0,749,,0.04485189542174339,,
0,799,,0.027271218597888947,,
0,849,,0.038085486739873886,,
0,899,,0.014554157853126526,,
0,949,,0.017038416117429733,,
0,999,,0.10332974791526794,,
0,1049,,0.02324487268924713,,
0,1099,,0.015076704323291779,,
0,1149,,0.018139105290174484,,
0,1199,,0.013539064675569534,,
0,1249,,0.011933337897062302,,
0,1299,,0.011022364720702171,,
0,1349,,0.023566003888845444,,
0,1399,,0.00743185356259346,,
0,1449,,0.010605739429593086,,
0,1499,,0.011637317948043346,,
0,1549,,0.015777483582496643,,
0,1599,,0.010053565725684166,,
0,1649,,0.010103629902005196,,
0,1699,,0.014217650517821312,,
0,1749,,0.009705357253551483,,
0,1799,,0.042279474437236786,,
0,1849,,0.018362747505307198,,
0,1899,,0.009235466830432415,,
0,1949,,0.00710897333920002,,
0,1999,,0.01248023472726345,,
0,2049,,0.011502012610435486,,
0,2099,,0.00953305047005415,,
0,2149,,0.013342572376132011,,
0,2199,,0.011093081906437874,,
0,2249,,0.009253344498574734,,
0,2299,,0.00865580141544342,,
0,2349,,0.012203037738800049,,
0,2399,,0.015536663122475147,,
0,2449,,0.013972802087664604,,
0,2499,,0.007449827156960964,,
0,2549,,0.021656671538949013,,
0,2599,,0.008083689026534557,,
0,2649,,0.010676615871489048,,
0,2699,,0.007474126294255257,,
0,2749,,0.012571861036121845,,
0,2799,,0.004505418241024017,,
0,2849,,0.0029769388493150473,,
0,2899,,0.0033328633289784193,,
0,2949,,0.004257825203239918,,
0,2999,,0.0037472054827958345,,
0,3049,,0.004550841171294451,,
0,3099,,0.005414803046733141,,
0,3149,,0.005106987431645393,,
0,3199,,0.006044276524335146,,
0,3249,,0.006161525845527649,,
0,3299,,0.0074968477711081505,,
0,3349,,0.005949608515948057,,
0,3399,,0.00786326639354229,,
0,3449,,0.0060004377737641335,,
0,3499,,0.0031737140379846096,,
0,3549,,0.007544200401753187,,
0,3599,,0.003866021055728197,,
0,3649,,0.004605505615472794,,
0,3699,,0.009088174439966679,,
0,3749,,0.006637440528720617,,
0,3799,,0.004669941961765289,,
0,3849,,0.0046075801365077496,,
0,3899,,0.007032069377601147,,
0,3949,,0.0044576553627848625,,
0,3999,,0.006673669442534447,,
0,4049,,0.010232863016426563,,
0,4099,,0.002496010158210993,,
0,4149,,0.009811009280383587,,
0,4199,,0.007597053423523903,,
0,4249,,0.003743950743228197,,
0,4299,,0.00755902286618948,,
0,4349,,0.007606846746057272,,
0,4399,,0.004865959752351046,,
0,4449,,0.005254604388028383,,
0,4499,,0.004384262952953577,,
0,4549,,0.004120075609534979,,
0,4599,,0.0034282885026186705,,
0,4649,,0.006695568561553955,,
0,4699,,0.013575036078691483,,
0,4749,,0.004398765973746777,,
0,4799,,0.005811776965856552,,
0,4849,,0.003397655673325062,,
0,4899,,0.002631895709782839,,
0,4949,,0.0055669574066996574,,
0,4999,,0.0047338479198515415,,
0,5049,,0.003915677312761545,,
0,5099,,0.004336279816925526,,
0,5149,,0.0038548768498003483,,
0,5199,,0.004772167187184095,,
0,5249,,0.002095197094604373,,
0,5299,,0.007548972964286804,,
0,5349,,0.0022793570533394814,,
0,5399,,0.004402145743370056,,
0,5449,,0.005959673319011927,,
0,5499,,0.0032954178750514984,,
0,5549,,0.003584787715226412,,
0,5599,,0.0035644175950437784,,
0,5649,,0.003366144374012947,,
0,5699,,0.005007851868867874,,
0,5749,,0.007474520243704319,,
0,5799,,0.0026522441767156124,,
0,5849,,0.0035091182217001915,,
0,5899,,0.003853159723803401,,
0,5949,,0.00510935764759779,,
0,5999,,0.0035873367451131344,,
0,6049,,0.008625227026641369,,
0,6099,,0.0028621857054531574,,
0,6149,,0.004947039298713207,,
0,6199,,0.0018936756532639265,,
0,6249,,0.004153185524046421,,
0,6299,,0.002282981062307954,,
0,6349,,0.0016574328765273094,,
0,6399,,0.003897044574841857,,
0,6449,,0.0031264200806617737,,
0,6499,,0.0032129466999322176,,
0,6549,,0.003973118960857391,,
0,6599,,0.004668197128921747,,
0,6649,,0.0021073524840176105,,
0,6699,,0.0018603471107780933,,
0,6749,,0.0021412724163383245,,
0,6799,,0.0012827826431021094,,
0,6849,,0.006359278690069914,,
0,6899,,0.004130168352276087,,
0,6949,,0.004784137010574341,,
0,6999,,0.0019047175301238894,,
0,7049,,0.0030414587818086147,,
0,7099,,0.0027186174411326647,,
0,7149,,0.0017714048735797405,,
0,7199,,0.0017425977857783437,,
0,7249,,0.0038151037879288197,,
0,7299,,0.0038631209172308445,,
0,7349,,0.002667700406163931,,
0,7399,,0.0013856696896255016,,
0,7449,,0.0015016808174550533,,
0,7499,,0.002253513550385833,,
0,7549,,0.003347449004650116,,
0,7599,,0.0013326902408152819,,
0,7649,,0.003947389777749777,,
0,7699,,0.002334425924345851,,
0,7749,,0.0038301299791783094,,
0,7799,,0.004439960699528456,,
0,7849,,0.0014560542767867446,,
0,7899,,0.002098766155540943,,
0,7949,,0.0044191088527441025,,
0,7999,,0.0015669617569074035,,
0,8049,,0.0017707522492855787,,
0,8099,,0.0019368971697986126,,
0,8126,,,0.0021429271437227726,0.0021429271437227726
0,8126,0.020803945139050484,,,
1,8149,,0.006661662831902504,,
1,8199,,0.002801798051223159,,
1,8249,,0.001191233634017408,,
1,8299,,0.0028421690221875906,,
1,8349,,0.006630782037973404,,
1,8399,,0.002622614847496152,,
1,8449,,0.0035815322771668434,,
1,8499,,0.0021534739062190056,,
1,8549,,0.0019623490516096354,,
1,8599,,0.0024103529285639524,,
1,8649,,0.00223236414603889,,
1,8699,,0.0018357239896431565,,
1,8749,,0.0020234459079802036,,
1,8799,,0.0014076135121285915,,
1,8849,,0.0012327792355790734,,
1,8899,,0.0046102143824100494,,
1,8949,,0.0021446964237838984,,
1,8999,,0.0011869627051055431,,
1,9049,,0.003436792641878128,,
1,9099,,0.003618114162236452,,
1,9149,,0.0039918506518006325,,
1,9199,,0.0027422569692134857,,
1,9249,,0.0030289911665022373,,
1,9299,,0.002633661963045597,,
1,9349,,0.003491540439426899,,
1,9399,,0.0020704646594822407,,
1,9449,,0.002048331080004573,,
1,9499,,0.0021890937350690365,,
1,9549,,0.0011879663215950131,,
1,9599,,0.0016559186624363065,,
1,9649,,0.005658398382365704,,
1,9699,,0.0067212870344519615,,
1,9749,,0.0020227711647748947,,
1,9799,,0.0012210918357595801,,
1,9849,,0.0018283402314409614,,
1,9899,,0.0018002873985096812,,
1,9949,,0.001762863015756011,,
1,9999,,0.0010692537762224674,,
1,10049,,0.0007201574044302106,,
1,10099,,0.001467606402002275,,
1,10149,,0.0039265351369977,,
1,10199,,0.0013988264836370945,,
1,10249,,0.00468552578240633,,
1,10299,,0.0021114039700478315,,
1,10349,,0.007084726821631193,,
1,10399,,0.0013599346857517958,,
1,10449,,0.001881380332633853,,
1,10499,,0.0012334457132965326,,
1,10549,,0.0019757437985390425,,
1,10599,,0.0032161357812583447,,
1,10649,,0.004420864395797253,,
1,10699,,0.009470831602811813,,
1,10749,,0.0018367643933743238,,
1,10799,,0.0034835459664463997,,
1,10849,,0.001011039363220334,,
1,10899,,0.001167609472759068,,
1,10949,,0.002126106061041355,,
1,10999,,0.0050134845077991486,,
1,11049,,0.003945545293390751,,
1,11099,,0.0009577487362548709,,
1,11149,,0.0035872263833880424,,
1,11199,,0.0012018975103273988,,
1,11249,,0.0010525545803830028,,
1,11299,,0.0010182660771533847,,
1,11349,,0.0019340382423251867,,
1,11399,,0.005282085854560137,,
1,11449,,0.002385260071605444,,
1,11499,,0.0014751076232641935,,
1,11549,,0.0013133769389241934,,
1,11599,,0.0008815337787382305,,
1,11649,,0.0019285698654130101,,
1,11699,,0.0008331431890837848,,
1,11749,,0.0016681321430951357,,
1,11799,,0.0013539319625124335,,
1,11849,,0.0012307752622291446,,
1,11899,,0.0011612900998443365,,
1,11949,,0.0014373380690813065,,
1,11999,,0.0015624284278601408,,
1,12049,,0.0009242084925062954,,
1,12099,,0.001932642888277769,,
1,12149,,0.0017470938619226217,,
1,12199,,0.0013059063348919153,,
1,12249,,0.004224132280796766,,
1,12299,,0.0018120380118489265,,
1,12349,,0.0018158338498324156,,
1,12399,,0.00209055095911026,,
1,12449,,0.0019443510100245476,,
1,12499,,0.0010729159694164991,,
1,12549,,0.0029428594280034304,,
1,12599,,0.003094796556979418,,
1,12649,,0.007578309625387192,,
1,12699,,0.0008608091156929731,,
1,12749,,0.0038286063354462385,,
1,12799,,0.004928317386657,,
1,12849,,0.002056002849712968,,
1,12899,,0.0016641938127577305,,
1,12949,,0.0027631749399006367,,
1,12999,,0.00139622634742409,,
1,13049,,0.0022149793803691864,,
1,13099,,0.0011474961647763848,,
1,13149,,0.0010775759583339095,,
1,13199,,0.002451631473377347,,
1,13249,,0.002244370523840189,,
1,13299,,0.0016159012448042631,,
1,13349,,0.0035671675577759743,,
1,13399,,0.0009711495949886739,,
1,13449,,0.0008511777850799263,,
1,13499,,0.004315808415412903,,
1,13549,,0.013490943238139153,,
1,13599,,0.004793199710547924,,
1,13649,,0.00208599423058331,,
1,13699,,0.002172848442569375,,
1,13749,,0.0024479764979332685,,
1,13799,,0.0010847585508599877,,
1,13849,,0.0013117761118337512,,
1,13899,,0.00579627463594079,,
1,13949,,0.001567475381307304,,
1,13999,,0.001201600767672062,,
1,14049,,0.0012845253804698586,,
1,14099,,0.0010471410350874066,,
1,14149,,0.0027741126250475645,,
1,14199,,0.0009572262642905116,,
1,14249,,0.0011938053648918867,,
1,14299,,0.0013992816675454378,,
1,14349,,0.0017122906865552068,,
1,14399,,0.0005339751951396465,,
1,14449,,0.0018188093090429902,,
1,14499,,0.0012207916006445885,,
1,14549,,0.0013202045811340213,,
1,14599,,0.001135013997554779,,
1,14649,,0.0012641155626624823,,
1,14699,,0.002188802696764469,,
1,14749,,0.0009352330234833062,,
1,14799,,0.001126389135606587,,
1,14849,,0.0008669947274029255,,
1,14899,,0.0009063758188858628,,
1,14949,,0.003031657775864005,,
1,14999,,0.001494022086262703,,
1,15049,,0.001456387690268457,,
1,15099,,0.0032800789922475815,,
1,15149,,0.0007181006949394941,,
1,15199,,0.002824053168296814,,
1,15249,,0.0017311576521024108,,
1,15299,,0.0012961048632860184,,
1,15349,,0.0031088669784367085,,
1,15399,,0.0016033328138291836,,
1,15449,,0.0027749233413487673,,
1,15499,,0.0008558175177313387,,
1,15549,,0.00042636904981918633,,
1,15599,,0.001142558641731739,,
1,15649,,0.0026538462843745947,,
1,15699,,0.0006657984340563416,,
1,15749,,0.0006001259898766875,,
1,15799,,0.002320559462532401,,
1,15849,,0.001832375768572092,,
1,15899,,0.0010613484773784876,,
1,15949,,0.0008423379040323198,,
1,15999,,0.0008155226823873818,,
1,16049,,0.0006912000244483352,,
1,16099,,0.0013000174658372998,,
1,16149,,0.0011503412388265133,,
1,16199,,0.0010058708721771836,,
1,16249,,0.0014142391737550497,,
1,16253,,,0.001276817754842341,0.001276817754842341
1,16253,0.0022952810395509005,,,
2,16299,,0.0013158589135855436,,
2,16349,,0.0010201653931289911,,
2,16399,,0.0020678916480392218,,
2,16449,,0.0017940003890544176,,
2,16499,,0.0010156448697671294,,
2,16549,,0.0014340179041028023,,
2,16599,,0.0025575864128768444,,
2,16649,,0.0016505341045558453,,
2,16699,,0.0005962619907222688,,
2,16749,,0.0014933703932911158,,
2,16799,,0.0010724517051130533,,
2,16849,,0.0008079962572082877,,
2,16899,,0.0007218458922579885,,
2,16949,,0.003384361043572426,,
2,16999,,0.000844361784402281,,
2,17049,,0.0026014952454715967,,
2,17099,,0.0011630451772361994,,
2,17149,,0.0013875117292627692,,
2,17199,,0.0023868961725383997,,
2,17249,,0.0011885558487847447,,
2,17299,,0.003181988140568137,,
2,17349,,0.0011599563295021653,,
2,17399,,0.0033607694786041975,,
2,17449,,0.0023912990000098944,,
2,17499,,0.0011088172905147076,,
2,17549,,0.0010286199394613504,,
2,17599,,0.0020793145522475243,,
2,17649,,0.0015293022152036428,,
2,17699,,0.0011978140100836754,,
2,17749,,0.0010834571439772844,,
2,17799,,0.0005298170144669712,,
2,17849,,0.0005894665373489261,,
2,17899,,0.0006953965057618916,,
2,17949,,0.002257318003103137,,
2,17999,,0.0028177262283861637,,
2,18049,,0.003321778029203415,,
2,18099,,0.0006987101514823735,,
2,18149,,0.0012360577238723636,,
2,18199,,0.00729075213894248,,
2,18249,,0.0006504302145913243,,
2,18299,,0.0008680234896019101,,
2,18349,,0.0068458495661616325,,
2,18399,,0.0012277187779545784,,
2,18449,,0.011939603835344315,,
2,18499,,0.0013074071612209082,,
2,18549,,0.002012012293562293,,
2,18599,,0.001592725166119635,,
2,18649,,0.0020232293754816055,,
2,18699,,0.0010985354892909527,,
2,18749,,0.0017002667300403118,,
2,18799,,0.0023816698230803013,,
2,18849,,0.0012257127091288567,,
2,18899,,0.0014169032219797373,,
2,18949,,0.0012249178253114223,,
2,18999,,0.001035518478602171,,
2,19049,,0.0008613934624008834,,
2,19099,,0.0008303674403578043,,
2,19149,,0.0007305028266273439,,
2,19199,,0.00275102024897933,,
2,19249,,0.0006104546482674778,,
2,19299,,0.0008875108323991299,,
2,19349,,0.004150095395743847,,
2,19399,,0.0010565671836957335,,
2,19449,,0.002417202340438962,,
2,19499,,0.001311205793172121,,
2,19549,,0.001014034729450941,,
2,19599,,0.0005273857386782765,,
2,19649,,0.0006986623629927635,,
2,19699,,0.0011958249378949404,,
2,19749,,0.0011206257622689009,,
2,19799,,0.001153995981439948,,
2,19849,,0.005045240744948387,,
2,19899,,0.001170795178040862,,
2,19949,,0.0005143163143657148,,
2,19999,,0.000923454063013196,,
2,20049,,0.0014360322384163737,,
2,20099,,0.0012884141178801656,,
2,20149,,0.0005176074337214231,,
2,20199,,0.0003945291100535542,,
2,20249,,0.0005496783996932209,,
2,20299,,0.0005679066525772214,,
2,20349,,0.0030645134393125772,,
2,20399,,0.0010085260728374124,,
2,20449,,0.006244095973670483,,
2,20499,,0.0004245144664309919,,
2,20549,,0.0020441373344510794,,
2,20599,,0.0015131788095459342,,
2,20649,,0.0015485051553696394,,
2,20699,,0.00138948205858469,,
2,20749,,0.001060955342836678,,
2,20799,,0.000928034947719425,,
2,20849,,0.000719904201105237,,
2,20899,,0.0010050147539004683,,
2,20949,,0.00041255715768784285,,
2,20999,,0.0016716496320441365,,
2,21049,,0.0014608586207032204,,
2,21099,,0.0019351218361407518,,
2,21149,,0.0007373235421255231,,
2,21199,,0.0005254661664366722,,
2,21249,,0.001114222570322454,,
2,21299,,0.002486382843926549,,
2,21349,,0.0016478939214721322,,
2,21399,,0.0011493710335344076,,
2,21449,,0.0014476384967565536,,
2,21499,,0.0019823857583105564,,
2,21549,,0.0017827058909460902,,
2,21599,,0.0015942775644361973,,
2,21649,,0.001842751051299274,,
2,21699,,0.0008187759085558355,,
2,21749,,0.0012166243977844715,,
2,21799,,0.0009206847753375769,,
2,21849,,0.0017604694003239274,,
2,21899,,0.000866212765686214,,
2,21949,,0.0005988884950056672,,
2,21999,,0.002882887376472354,,
2,22049,,0.0007003428763709962,,
2,22099,,0.0023065737914294004,,
2,22149,,0.0007619186071678996,,
2,22199,,0.0006576572777703404,,
2,22249,,0.0013117879861965775,,
2,22299,,0.0007740578148514032,,
2,22349,,0.00045628802035935223,,
2,22399,,0.000685082923155278,,
2,22449,,0.0011627753265202045,,
2,22499,,0.0024024327285587788,,
2,22549,,0.002067297464236617,,
2,22599,,0.00902475044131279,,
2,22649,,0.0009785526199266315,,
2,22699,,0.001758489292114973,,
2,22749,,0.008346927352249622,,
2,22799,,0.00075518898665905,,
2,22849,,0.0007173371850512922,,
2,22899,,0.0019601637031883,,
2,22949,,0.004621023312211037,,
2,22999,,0.001544056460261345,,
2,23049,,0.0026516467332839966,,
2,23099,,0.0006068715592846274,,
2,23149,,0.0013857983285561204,,
2,23199,,0.0011028677690774202,,
2,23249,,0.0012300225207582116,,
2,23299,,0.0010052452562376857,,
2,23349,,0.0005872764158993959,,
2,23399,,0.001508440007455647,,
2,23449,,0.0014913316117599607,,
2,23499,,0.003349333070218563,,
2,23549,,0.004293470177799463,,
2,23599,,0.0013863749336451292,,
2,23649,,0.0009188888943754137,,
2,23699,,0.0009387856116518378,,
2,23749,,0.0011826647678390145,,
2,23799,,0.002350548515096307,,
2,23849,,0.0011234866688027978,,
2,23899,,0.0034029849339276552,,
2,23949,,0.0009982525371015072,,
2,23999,,0.0012019791174679995,,
2,24049,,0.000517330423463136,,
2,24099,,0.0023076911456882954,,
2,24149,,0.0011281489860266447,,
2,24199,,0.0008691088296473026,,
2,24249,,0.0007447305833920836,,
2,24299,,0.0022609736770391464,,
2,24349,,0.0007062287768349051,,
2,24380,,,0.0013216175138950348,0.0013216175138950348
2,24380,0.001574814086779952,,,
3,24399,,0.00038963023689575493,,
3,24449,,0.004848749376833439,,
3,24499,,0.0011847593123093247,,
3,24549,,0.0034432958345860243,,
3,24599,,0.0012114888522773981,,
3,24649,,0.0010729804635047913,,
3,24699,,0.015387473627924919,,
3,24749,,0.0007454503793269396,,
3,24799,,0.0005651122191920877,,
3,24849,,0.0009033733513206244,,
3,24899,,0.0004516876651905477,,
3,24949,,0.0012149361427873373,,
3,24999,,0.0015604451764374971,,
3,25049,,0.0006532963016070426,,
3,25099,,0.0008228179067373276,,
3,25149,,0.0011348238913342357,,
3,25199,,0.0006523097981698811,,
3,25249,,0.0007517090998589993,,
3,25299,,0.0019157533533871174,,
3,25349,,0.0010327394120395184,,
3,25399,,0.0009484234033152461,,
3,25449,,0.0008295585867017508,,
3,25499,,0.0006580391200259328,,
3,25549,,0.0021598590537905693,,
3,25599,,0.0006309947930276394,,
3,25649,,0.0004064062668476254,,
3,25699,,0.0007148380391299725,,
3,25749,,0.0010630509350448847,,
3,25799,,0.0018689665012061596,,
3,25849,,0.0008809033897705376,,
3,25899,,0.001113138278014958,,
3,25949,,0.0018769759917631745,,
3,25999,,0.004201653879135847,,
3,26049,,0.0010262730065733194,,
3,26099,,0.000523060152772814,,
3,26149,,0.001160691143013537,,
3,26199,,0.00023332418641075492,,
3,26249,,0.00032590742921456695,,
3,26299,,0.000944674015045166,,
3,26349,,0.0018700251821428537,,
3,26399,,0.0006227093981578946,,
3,26449,,0.0011441685492172837,,
3,26499,,0.0028360828291624784,,
3,26549,,0.0005019607488065958,,
3,26599,,0.0015240968205034733,,
3,26649,,0.0006815894157625735,,
3,26699,,0.0005288829561322927,,
3,26749,,0.0007972964085638523,,
3,26799,,0.001264689490199089,,
3,26849,,0.0015983445337042212,,
3,26899,,0.000842283945530653,,
3,26949,,0.0010773974936455488,,
3,26999,,0.001095274114049971,,
3,27049,,0.0025203912518918514,,
3,27099,,0.0009591118432581425,,
3,27149,,0.0008157234406098723,,
3,27199,,0.0013067808467894793,,
3,27249,,0.0004905014066025615,,
3,27299,,0.0010042415233328938,,
3,27349,,0.00044012279249727726,,
3,27399,,0.00041690346552059054,,
3,27449,,0.0014526740415021777,,
3,27499,,0.0010981863597407937,,
3,27549,,0.0011643834877759218,,
3,27599,,0.0004186907026451081,,
3,27649,,0.0006377763929776847,,
3,27699,,0.0003850235079880804,,
3,27749,,0.0017611882649362087,,
3,27799,,0.0014935273211449385,,
3,27849,,0.0005755787715315819,,
3,27899,,0.0013877669116482139,,
3,27949,,0.00024819266400299966,,
3,27999,,0.0015695204492658377,,
3,28049,,0.000524937582667917,,
3,28099,,0.0018037795089185238,,
3,28149,,0.0008127767941914499,,
3,28199,,0.00023858020722400397,,
3,28249,,0.0007652893546037376,,
3,28299,,0.0011908076703548431,,
3,28349,,0.000572096323594451,,
3,28399,,0.0008865830022841692,,
3,28449,,0.00040645853732712567,,
3,28499,,0.0005760658532381058,,
3,28549,,0.0005017540534026921,,
3,28599,,0.0003159977204632014,,
3,28649,,0.003928251098841429,,
3,28699,,0.0008933177450671792,,
3,28749,,0.00020909045997541398,,
3,28799,,0.0005163253517821431,,
3,28849,,0.0007607059087604284,,
3,28899,,0.0008285486255772412,,
3,28949,,0.0010198192903771996,,
3,28999,,0.000479964044643566,,
3,29049,,0.000710139109287411,,
3,29099,,0.0003429240023251623,,
3,29149,,0.0004577551153488457,,
3,29199,,0.0008815891924314201,,
3,29249,,0.0005058940732851624,,
3,29299,,0.0007496514590457082,,
3,29349,,0.0005827269051223993,,
3,29399,,0.0008599072461947799,,
3,29449,,0.0002808093558996916,,
3,29499,,0.0026067125145345926,,
3,29549,,0.000496908847708255,,
3,29599,,0.0011016366770491004,,
3,29649,,0.0009202089277096093,,
3,29699,,0.0006567080854438245,,
3,29749,,0.004870958626270294,,
3,29799,,0.001118064159527421,,
3,29849,,0.0005304844817146659,,
3,29899,,0.003167097456753254,,
3,29949,,0.0006600311025977135,,
3,29999,,0.0051354216411709785,,
3,30049,,0.0008391902083531022,,
3,30099,,0.00028936724993400276,,
3,30149,,0.001346874749287963,,
3,30199,,0.0018301588715985417,,
3,30249,,0.0006861677393317223,,
3,30299,,0.00039668544195592403,,
3,30349,,0.0002980354765895754,,
3,30399,,0.00048277294263243675,,
3,30449,,0.0006361874984577298,,
3,30499,,0.0026920349337160587,,
3,30549,,0.0007460470660589635,,
3,30599,,0.0017483049305155873,,
3,30649,,0.0007962368545122445,,
3,30699,,0.0011311816051602364,,
3,30749,,0.001169564202427864,,
3,30799,,0.0008476960938423872,,
3,30849,,0.0006765601574443281,,
3,30899,,0.0003957159642595798,,
3,30949,,0.00033094477839767933,,
3,30999,,0.0009718611836433411,,
3,31049,,0.0011294933501631021,,
3,31099,,0.0007896220195107162,,
3,31149,,0.0011728741228580475,,
3,31199,,0.0026473887264728546,,
3,31249,,0.0002603461325634271,,
3,31299,,0.0005659391754306853,,
3,31349,,0.0010143008548766375,,
3,31399,,0.0004873685829807073,,
3,31449,,0.0009201609645970166,,
3,31499,,0.0003742815461009741,,
3,31549,,0.0010302257724106312,,
3,31599,,0.0007559821824543178,,
3,31649,,0.0010350776137784123,,
3,31699,,0.0006844805320724845,,
3,31749,,0.0006675055483356118,,
3,31799,,0.0017176074907183647,,
3,31849,,0.0011369767598807812,,
3,31899,,0.0012907031923532486,,
3,31949,,0.0006509824306704104,,
3,31999,,0.0010923168156296015,,
3,32049,,0.005984552204608917,,
3,32099,,0.0035601300187408924,,
3,32149,,0.000776738568674773,,
3,32199,,0.00021348668087739497,,
3,32249,,0.0003346885787323117,,
3,32299,,0.0014525845181196928,,
3,32349,,0.00048278970643877983,,
3,32399,,0.0010987038258463144,,
3,32449,,0.00047292408999055624,,
3,32499,,0.0003750355099327862,,
3,32507,,,0.0009981149341911077,0.0009981149341911077
3,32507,0.001168787362985313,,,
4,32549,,0.00037444039480760694,,
4,32599,,0.0032414146699011326,,
4,32649,,0.0008404969703406096,,
4,32699,,0.0007014438742771745,,
4,32749,,0.0009615583694539964,,
4,32799,,0.0015387095045298338,,
4,32849,,0.0011180122382938862,,
4,32899,,0.0003677678178064525,,
4,32949,,0.0005806469707749784,,
4,32999,,0.0009008791530504823,,
4,33049,,0.00024260197824332863,,
4,33099,,0.0004102059465367347,,
4,33149,,0.0011558878468349576,,
4,33199,,0.0014676547143608332,,
4,33249,,0.0009166531963273883,,
4,33299,,0.0007370547973550856,,
4,33349,,0.0009432706865482032,,
4,33399,,0.0003808499313890934,,
4,33449,,0.0022056351881474257,,
4,33499,,0.0027782528195530176,,
4,33549,,0.0008579650893807411,,
4,33599,,0.0008803033269941807,,
4,33649,,0.0005866645951755345,,
4,33699,,0.0004862007626798004,,
4,33749,,0.0004232497012708336,,
4,33799,,0.0005176002741791308,,
4,33849,,0.000574142555706203,,
4,33899,,0.002217336557805538,,
4,33949,,0.0004071598523296416,,
4,33999,,0.00047048795386217535,,
4,34049,,0.002323895925655961,,
4,34099,,0.00023040725500322878,,
4,34149,,0.0005370849976316094,,
4,34199,,0.0025927384849637747,,
4,34249,,0.005375702399760485,,
4,34299,,0.0003870642394758761,,
4,34349,,0.001337894587777555,,
4,34399,,0.00042487942846491933,,
4,34449,,0.0006332717603072524,,
4,34499,,0.0008178268908523023,,
4,34549,,0.0005296880262903869,,
4,34599,,0.0007755885017104447,,
4,34649,,0.00035661979927681386,,
4,34699,,0.0005947913741692901,,
4,34749,,0.0003213781164959073,,
4,34799,,0.0012566745281219482,,
4,34849,,0.0007199913961812854,,
4,34899,,0.0006047256756573915,,
4,34949,,0.0009443602175451815,,
4,34999,,0.0005069645121693611,,
4,35049,,0.0009488390060141683,,
4,35099,,0.0010328786447644234,,
4,35149,,0.00070635334122926,,
4,35199,,0.0004066508263349533,,
4,35249,,0.0010608998127281666,,
4,35299,,0.0008862839313223958,,
4,35349,,0.0005647693760693073,,
4,35399,,0.001859476207755506,,
4,35449,,0.001671666163019836,,
4,35499,,0.002603833330795169,,
4,35549,,0.0009459964348934591,,
4,35599,,0.000436667469330132,,
4,35649,,0.000362724851584062,,
4,35699,,0.0005397921777330339,,
4,35749,,0.0005065214936621487,,
4,35799,,0.0009413068182766438,,
4,35849,,0.00048056471860036254,,
4,35899,,0.00025217747315764427,,
4,35949,,0.0018430720083415508,,
4,35999,,0.0004107372951693833,,
4,36049,,0.000437696318840608,,
4,36099,,0.0001462863147025928,,
4,36149,,0.0008392356103286147,,
4,36199,,0.0006779549876227975,,
4,36249,,0.0009884031023830175,,
4,36299,,0.0009606701787561178,,
4,36349,,0.000485260650748387,,
4,36399,,0.0005423834663815796,,
4,36449,,0.0005779897910542786,,
4,36499,,0.0004548421420622617,,
4,36549,,0.0005540538113564253,,
4,36599,,0.0003303417470306158,,
4,36649,,0.0006311989272944629,,
4,36699,,0.001516907475888729,,
4,36749,,0.0006883341702632606,,
4,36799,,0.000462654628790915,,
4,36849,,0.0016879946924746037,,
4,36899,,0.00040709241875447333,,
4,36949,,0.0003965125943068415,,
4,36999,,0.0011625743936747313,,
4,37049,,0.0016925623640418053,,
4,37099,,0.0015056526754051447,,
4,37149,,0.00032026608823798597,,
4,37199,,0.0008167269406840205,,
4,37249,,0.001161718973889947,,
4,37299,,0.0005407512071542442,,
4,37349,,0.0008058102685026824,,
4,37399,,0.0020420472137629986,,
4,37449,,0.000754506909288466,,
4,37499,,0.0011219363659620285,,
4,37549,,0.0005091929342597723,,
4,37599,,0.0011117488611489534,,
4,37649,,0.00043141600326634943,,
4,37699,,0.000665140978526324,,
4,37749,,0.0013951592845842242,,
4,37799,,0.0008640524465590715,,
4,37849,,0.0002933916402980685,,
4,37899,,0.0011853512842208147,,
4,37949,,0.00039607411599718034,,
4,37999,,0.00043566737440414727,,
4,38049,,0.00033342110691592097,,
4,38099,,0.0010704697342589498,,
4,38149,,0.0004472107393667102,,
4,38199,,0.0007112787570804358,,
4,38249,,0.0008007577853277326,,
4,38299,,0.001288234838284552,,
4,38349,,0.0005912187625654042,,
4,38399,,0.00034188988502137363,,
4,38449,,0.00030228716786950827,,
4,38499,,0.0002893859928008169,,
4,38549,,0.0003282270045019686,,
4,38599,,0.0015771894250065088,,
4,38649,,0.000977164483629167,,
4,38699,,0.000751958810724318,,
4,38749,,0.00045101449359208345,,
4,38799,,0.009170127101242542,,
4,38849,,0.0008936032536439598,,
4,38899,,0.0015278327045962214,,
4,38949,,0.005944112781435251,,
4,38999,,0.0003497517027426511,,
4,39049,,0.0006031310767866671,,
4,39099,,0.002659612102434039,,
4,39149,,0.0005789374699816108,,
4,39199,,0.00027616810984909534,,
4,39249,,0.0006507618236355484,,
4,39299,,0.000251979538006708,,
4,39349,,0.0005230611423030496,,
4,39399,,0.0010250809136778116,,
4,39449,,0.0004405834770295769,,
4,39499,,0.0013754918472841382,,
4,39549,,0.000958319753408432,,
4,39599,,0.0012304093688726425,,
4,39649,,0.0012093912810087204,,
4,39699,,0.0005666655488312244,,
4,39749,,0.0007872232235968113,,
4,39799,,0.0009231428848579526,,
4,39849,,0.00016779705765657127,,
4,39899,,0.0001873918663477525,,
4,39949,,0.0005005803541280329,,
4,39999,,0.0005289175314828753,,
4,40049,,0.0023809634149074554,,
4,40099,,0.00026585778687149286,,
4,40149,,0.0004312839300837368,,
4,40199,,0.0006396471871994436,,
4,40249,,0.00017581444990355521,,
4,40299,,0.0006483991164714098,,
4,40349,,0.0037355723325163126,,
4,40399,,0.0004559957014862448,,
4,40449,,0.0004716171242762357,,
4,40499,,0.0014737306628376245,,
4,40549,,0.0016332281520590186,,
4,40599,,0.003555010072886944,,
4,40634,,,0.00100365886464715,0.00100365886464715
4,40634,0.0010272911749780178,,,
5,40649,,0.000719233532436192,,
5,40699,,0.0002710938570089638,,
5,40749,,0.0012530648382380605,,
5,40799,,0.0009136419394053519,,
5,40849,,0.0006043924950063229,,
5,40899,,0.0006462439778260887,,
5,40949,,0.00029538286617025733,,
5,40999,,0.00027065229369327426,,
5,41049,,0.0021873058285564184,,
5,41099,,0.000857973878737539,,
5,41149,,0.00020317391317803413,,
5,41199,,0.0004533508908934891,,
5,41249,,0.0007889642147347331,,
5,41299,,0.0003775562217924744,,
5,41349,,0.0011341734789311886,,
5,41399,,0.0004157002258580178,,
5,41449,,0.00034433111432008445,,
5,41499,,0.00029571339837275445,,
5,41549,,0.0009170104167424142,,
5,41599,,0.0006358247483149171,,
5,41649,,0.0005137805128470063,,
5,41699,,0.00041957650682888925,,
5,41749,,0.0006685259286314249,,
5,41799,,0.00022987311240285635,,
5,41849,,0.02658800221979618,,
5,41899,,0.0009037286508828402,,
5,41949,,0.0005223763291724026,,
5,41999,,0.0009523268090561032,,
5,42049,,0.00024223490618169308,,
5,42099,,0.0005063430871814489,,
5,42149,,0.00019846681971102953,,
5,42199,,0.00016967392002698034,,
5,42249,,0.0002664964704308659,,
5,42299,,0.0005140718421898782,,
5,42349,,0.00045046216109767556,,
5,42399,,0.000444540724856779,,
5,42449,,0.0006227578851394355,,
5,42499,,0.00039679609471932054,,
5,42549,,0.00039486202877014875,,
5,42599,,0.000683052814565599,,
5,42649,,0.000549902266357094,,
5,42699,,0.0003670496225822717,,
5,42749,,0.00046684633707627654,,
5,42799,,0.0006658346392214298,,
5,42849,,0.0006065033958293498,,
5,42899,,0.0004437025054357946,,
5,42949,,0.0005918313399888575,,
5,42999,,0.0001977290667127818,,
5,43049,,0.00039255007868632674,,
5,43099,,0.00036142292083241045,,
5,43149,,0.0006756866350769997,,
5,43199,,0.00024169964308384806,,
5,43249,,0.0006785298464819789,,
5,43299,,0.0012002933071926236,,
5,43349,,0.00040327582973986864,,
5,43399,,0.001120526110753417,,
5,43449,,0.0002860550885088742,,
5,43499,,0.0005601129378192127,,
5,43549,,0.002626818837597966,,
5,43599,,0.0007326921913772821,,
5,43649,,0.0006890858639962971,,
5,43699,,0.0005327571416273713,,
5,43749,,0.0005599797004833817,,
5,43799,,0.0002079854893963784,,
5,43849,,0.0002380113728577271,,
5,43899,,0.0004248035547789186,,
5,43949,,0.0008339387131854892,,
5,43999,,0.000402575358748436,,
5,44049,,0.0007300682482309639,,
5,44099,,0.00032932558679021895,,
5,44149,,0.00179643917363137,,
5,44199,,0.004804049152880907,,
5,44249,,0.0010266263270750642,,
5,44299,,0.0008225629571825266,,
5,44349,,0.0046602836810052395,,
5,44399,,0.0006122579798102379,,
5,44449,,0.0002976834657602012,,
5,44499,,0.00037234745104797184,,
5,44549,,0.0008015370112843812,,
5,44599,,0.0005012318142689764,,
5,44649,,0.001117801759392023,,
5,44699,,0.0018444695742800832,,
5,44749,,0.0009373286738991737,,
5,44799,,0.0007159707602113485,,
5,44849,,0.001678778906352818,,
5,44899,,0.0005583693273365498,,
5,44949,,0.002271073404699564,,
5,44999,,0.0004240827984176576,,
5,45049,,0.0005180902080610394,,
5,45099,,0.0006420396966859698,,
5,45149,,0.0005163816385902464,,
5,45199,,0.00048163579776883125,,
5,45249,,0.0005312910652719438,,
5,45299,,0.00015300414816010743,,
5,45349,,0.0011768941767513752,,
5,45399,,0.00045130145736038685,,
5,45449,,0.00017963352729566395,,
5,45499,,0.0015366245061159134,,
5,45549,,0.0007869907421991229,,
5,45599,,0.0005148086929693818,,
5,45649,,0.00042072561336681247,,
5,45699,,0.00028004692285321653,,
5,45749,,0.0004684287996497005,,
5,45799,,0.0007818553131073713,,
5,45849,,0.0008771683787927032,,
5,45899,,0.0004235099477227777,,
5,45949,,0.0004605803405866027,,
5,45999,,0.000455010769655928,,
5,46049,,0.0018772572511807084,,
5,46099,,0.00040722318226471543,,
5,46149,,0.0006589657277800143,,
5,46199,,0.0025148079730570316,,
5,46249,,0.0003347284800838679,,
5,46299,,0.0012422783765941858,,
5,46349,,0.000565387774258852,,
5,46399,,0.0005565444007515907,,
5,46449,,0.0005444313283078372,,
5,46499,,0.0002823782560881227,,
5,46549,,0.0010177991352975368,,
5,46599,,0.0008788373088464141,,
5,46649,,0.0005641570314764977,,
5,46699,,0.00022338659618981183,,
5,46749,,0.00038341424078680575,,
5,46799,,0.0014849848812445998,,
5,46849,,0.00040674343472346663,,
5,46899,,0.00311869103461504,,
5,46949,,0.001162209315225482,,
5,46999,,0.0003437192353885621,,
5,47049,,0.0011129000922665,,
5,47099,,0.0011760881170630455,,
5,47149,,0.0017540870467200875,,
5,47199,,0.000667845830321312,,
5,47249,,0.0003643470408860594,,
5,47299,,0.0006473798421211541,,
5,47349,,0.0007156930514611304,,
5,47399,,0.0008440300589427352,,
5,47449,,0.0003144082147628069,,
5,47499,,0.0008068255847319961,,
5,47549,,0.000564462214242667,,
5,47599,,0.0018649953417479992,,
5,47649,,0.0005800728686153889,,
5,47699,,0.0002192388492403552,,
5,47749,,0.0008646341739222407,,
5,47799,,0.0003561634512152523,,
5,47849,,0.00035821032361127436,,
5,47899,,0.0005804179818369448,,
5,47949,,0.0006815272499807179,,
5,47999,,0.002020222367718816,,
5,48049,,0.0005067434976808727,,
5,48099,,0.0002521963615436107,,
5,48149,,0.0009036677074618638,,
5,48199,,0.0010801585158333182,,
5,48249,,0.0002981070429086685,,
5,48299,,0.000942496582865715,,
5,48349,,0.0004852411802858114,,
5,48399,,0.0005301967612467706,,
5,48449,,0.001976125407963991,,
5,48499,,0.004719987511634827,,
5,48549,,0.00022581734810955822,,
5,48599,,0.000502169830724597,,
5,48649,,0.001044748816639185,,
5,48699,,0.000959010561928153,,
5,48749,,0.000374195515178144,,
5,48761,,,0.0007423540228046477,0.0007423540228046477
5,48761,0.0009001670405268669,,,
6,48799,,0.0003916558634955436,,
6,48849,,0.0006866008625365794,,
6,48899,,0.0006420991849154234,,
6,48949,,0.0006700039375573397,,
6,48999,,0.0006933112163096666,,
6,49049,,0.0007068820996209979,,
6,49099,,0.0006747189909219742,,
6,49149,,0.0007302387384697795,,
6,49199,,0.000990239903330803,,
6,49249,,0.0006076208665035665,,
6,49299,,0.0005457632942125201,,
6,49349,,0.0001686209288891405,,
6,49399,,0.0003583525540307164,,
6,49449,,0.0007211727788671851,,
6,49499,,0.000725122110452503,,
6,49549,,0.00033226291998289526,,
6,49599,,0.0009038727730512619,,
6,49649,,0.0003992754209320992,,
6,49699,,0.00034748358302749693,,
6,49749,,0.0016747246263548732,,
6,49799,,0.00030418665846809745,,
6,49849,,0.0012646273244172335,,
6,49899,,0.0006323957350105047,,
6,49949,,0.00030811328906565905,,
6,49999,,0.0005726988310925663,,
6,50049,,0.00035903978277929127,,
6,50099,,0.00019716905080713332,,
6,50149,,0.0006626472459174693,,
6,50199,,0.000844850204885006,,
6,50249,,0.0006320818210951984,,
6,50299,,0.00036201320472173393,,
6,50349,,0.0004526258271653205,,
6,50399,,0.00043149178964085877,,
6,50449,,0.0002704873331822455,,
6,50499,,0.0006365972803905606,,
6,50549,,0.00017752163694240153,,
6,50599,,0.00047707578050903976,,
6,50649,,0.0004389589885249734,,
6,50699,,0.00044944367255084217,,
6,50749,,0.0008184488979168236,,
6,50799,,0.00037536706076934934,,
6,50849,,0.0006024307804182172,,
6,50899,,0.0010921447537839413,,
6,50949,,0.0015118025476112962,,
6,50999,,0.0009747790754772723,,
6,51049,,0.000298098661005497,,
6,51099,,0.00040376692777499557,,
6,51149,,0.0003382979775778949,,
6,51199,,0.0003097527951467782,,
6,51249,,0.00037697027437388897,,
6,51299,,0.0003277328214608133,,
6,51349,,0.0003523043997120112,,
6,51399,,0.00047572559560649097,,
6,51449,,0.00022152300516609102,,
6,51499,,0.00047633799840696156,,
6,51549,,0.001169390045106411,,
6,51599,,0.00040914310375228524,,
6,51649,,0.000481449969811365,,
6,51699,,0.0006200246862135828,,
6,51749,,0.00020266411593183875,,
6,51799,,0.00041581623372621834,,
6,51849,,0.00043818121775984764,,
6,51899,,0.0005035836948081851,,
6,51949,,0.0006337130907922983,,
6,51999,,0.00270954635925591,,
6,52049,,0.00034028032678179443,,
6,52099,,0.00027459251577965915,,
6,52149,,0.0002391076268395409,,
6,52199,,0.00024240140919573605,,
6,52249,,0.0007773811230435967,,
6,52299,,0.0002252661215607077,,
6,52349,,0.0004815677530132234,,
6,52399,,0.00026103894924744964,,
6,52449,,0.00045627192594110966,,
6,52499,,0.00020257456344552338,,
6,52549,,0.0007454300066456199,,
6,52599,,0.0007745273178443313,,
6,52649,,0.000849698088131845,,
6,52699,,0.0016630080062896013,,
6,52749,,0.00037526764208450913,,
6,52799,,0.007339436560869217,,
6,52849,,0.00036915551754646003,,
6,52899,,0.0012605305528268218,,
6,52949,,0.0025534420274198055,,
6,52999,,0.0012533199042081833,,
6,53049,,0.00029142232961021364,,
6,53099,,0.00030757946660742164,,
6,53149,,0.0004018377512693405,,
6,53199,,0.00034826737828552723,,
6,53249,,0.00029529171297326684,,
6,53299,,0.0006845159223303199,,
6,53349,,0.0011130992788821459,,
6,53399,,0.0006982679478824139,,
6,53449,,0.0006015216349624097,,
6,53499,,0.0013131104642525315,,
6,53549,,0.0002074165386147797,,
6,53599,,0.0008279698668047786,,
6,53649,,0.0008402282255701721,,
6,53699,,0.00048345266259275377,,
6,53749,,0.00037573548615910113,,
6,53799,,0.0006838380941189826,,
6,53849,,0.0058890641666948795,,
6,53899,,0.00043289500172249973,,
6,53949,,0.0005008387379348278,,
6,53999,,0.0009063350153155625,,
6,54049,,0.00037060989416204393,,
6,54099,,0.00022834159608464688,,
6,54149,,0.00023805079399608076,,
6,54199,,0.0019304169109091163,,
6,54249,,0.0006941445753909647,,
6,54299,,0.006665181368589401,,
6,54349,,0.0003464051987975836,,
6,54399,,0.0009659134084358811,,
6,54449,,0.0003296736686024815,,
6,54499,,0.0008023285190574825,,
6,54549,,0.0003624926903285086,,
6,54599,,0.0010169250890612602,,
6,54649,,0.0007753885583952069,,
6,54699,,0.0004185828729532659,,
6,54749,,0.00032890052534639835,,
6,54799,,0.00026989946491084993,,
6,54849,,0.0005589640350081027,,
6,54899,,0.0004170830943621695,,
6,54949,,0.0005254605785012245,,
6,54999,,0.00019138363131787628,,
6,55049,,0.00025529033155180514,,
6,55099,,0.0024098469875752926,,
6,55149,,0.00022542584338225424,,
6,55199,,0.00017529079923406243,,
6,55249,,0.0008952005300670862,,
6,55299,,0.002383484737947583,,
6,55349,,0.0009364547440782189,,
6,55399,,0.0020300140604376793,,
6,55449,,0.0010249606566503644,,
6,55499,,0.0003913080436177552,,
6,55549,,0.00028165869298391044,,
6,55599,,0.0013134621549397707,,
6,55649,,0.00023392071307171136,,
6,55699,,0.003008540254086256,,
6,55749,,0.000381639925763011,,
6,55799,,0.0010144534753635526,,
6,55849,,0.00030865127337165177,,
6,55899,,0.00033259220072068274,,
6,55949,,0.0004188037710264325,,
6,55999,,0.00033035193337127566,,
6,56049,,0.00021318533981684595,,
6,56099,,0.0009803420398384333,,
6,56149,,0.00023969047470018268,,
6,56199,,0.0007868905668146908,,
6,56249,,0.003418944077566266,,
6,56299,,0.000553729070816189,,
6,56349,,0.0004570560995489359,,
6,56399,,0.0006355834193527699,,
6,56449,,0.0027416616212576628,,
6,56499,,0.0004568567674141377,,
6,56549,,0.0016951822908595204,,
6,56599,,0.0004736647242680192,,
6,56649,,0.000356389646185562,,
6,56699,,0.0002431105385767296,,
6,56749,,0.0005163723835721612,,
6,56799,,0.00023088976740837097,,
6,56849,,0.0013591558672487736,,
6,56888,,,0.0007697101100347936,0.0007697101100347936
6,56888,0.0008299336186610162,,,
7,56899,,0.00035648082848638296,,
7,56949,,0.0004189402097836137,,
7,56999,,0.003399678273126483,,
7,57049,,0.000350211892509833,,
7,57099,,0.00012635487655643374,,
7,57149,,0.0021225649397820234,,
7,57199,,0.0011111233616247773,,
7,57249,,0.0005134972161613405,,
7,57299,,0.0004275853279978037,,
7,57349,,0.0012850337661802769,,
7,57399,,0.0007968085701577365,,
7,57449,,0.00027903178124688566,,
7,57499,,0.0032633051741868258,,
7,57549,,0.0008987729088403285,,
7,57599,,0.000204873489565216,,
7,57649,,0.000673385860864073,,
7,57699,,0.0004880750202573836,,
7,57749,,0.0024782714899629354,,
7,57799,,0.00017884012777358294,,
7,57849,,0.00218426575884223,,
7,57899,,0.0009930589003488421,,
7,57949,,0.00043026835191994905,,
7,57999,,0.0010595923522487283,,
7,58049,,0.00018571554392110556,,
7,58099,,0.0004736806149594486,,
7,58149,,0.00038533334736712277,,
7,58199,,0.005496508441865444,,
7,58249,,0.00042564733303152025,,
7,58299,,0.0005934216897003353,,
7,58349,,0.0004252569633536041,,
7,58399,,0.0005199682200327516,,
7,58449,,0.0010935774771496654,,
7,58499,,0.00035356677835807204,,
7,58549,,0.0003489713999442756,,
7,58599,,0.0002938254619948566,,
7,58649,,0.0002581956214271486,,
7,58699,,0.0005937685491517186,,
7,58749,,0.0010284553281962872,,
7,58799,,0.0002576864790171385,,
7,58849,,0.00041365521610714495,,
7,58899,,0.00025365158217027783,,
7,58949,,0.006092764437198639,,
7,58999,,0.00026889456785283983,,
7,59049,,0.0003643325180746615,,
7,59099,,0.00019107075058855116,,
7,59149,,0.0002489764883648604,,
7,59199,,0.0001373202248942107,,
7,59249,,0.0003539967583492398,,
7,59299,,0.00024170354299712926,,
7,59349,,0.0004600071406457573,,
7,59399,,0.0001441445347154513,,
7,59449,,0.00022074654407333583,,
7,59499,,0.0006302458932623267,,
7,59549,,0.00037201648228801787,,
7,59599,,0.004770009312778711,,
7,59649,,0.0054162656888365746,,
7,59699,,0.0014423882821574807,,
7,59749,,0.0002641950559336692,,
7,59799,,0.0005131665384396911,,
7,59849,,0.0007540296646766365,,
7,59899,,0.0003800594713538885,,
7,59949,,0.00018305040430277586,,
7,59999,,0.0021532829850912094,,
7,60049,,0.0013365186750888824,,
7,60099,,0.0004932626616209745,,
7,60149,,0.0008307980606332421,,
7,60199,,0.00026642956072464585,,
7,60249,,0.00039990630466490984,,
7,60299,,0.0008645427878946066,,
7,60349,,0.00016205623978748918,,
7,60399,,0.0006290434394031763,,
7,60449,,0.0008495401125401258,,
7,60499,,0.002546423114836216,,
7,60549,,0.0011214676778763533,,
7,60599,,0.001308562234044075,,
7,60649,,0.0007676128298044205,,
7,60699,,0.0014673264231532812,,
7,60749,,0.0017346784006804228,,
7,60799,,0.000353474635630846,,
7,60849,,0.0004569336015265435,,
7,60899,,0.00034315709490329027,,
7,60949,,0.0008265131618827581,,
7,60999,,0.0002649163652677089,,
7,61049,,0.0003201697254553437,,
7,61099,,0.0003932346007786691,,
7,61149,,0.0011167206102982163,,
7,61199,,0.00029467642889358103,,
7,61249,,0.0007566876010969281,,
7,61299,,0.0005834023468196392,,
7,61349,,0.0003946518700104207,,
7,61399,,0.0005717574968002737,,
7,61449,,0.00032500221277587116,,
7,61499,,0.000504743424244225,,
7,61549,,0.00032913495670072734,,
7,61599,,0.0033243047073483467,,
7,61649,,0.0007135060150176287,,
7,61699,,0.0005474565550684929,,
7,61749,,0.00013536760525312275,,
7,61799,,0.000857319391798228,,
7,61849,,0.0004297817649785429,,
7,61899,,0.00035333310370333493,,
7,61949,,0.0004527939308900386,,
7,61999,,0.00044765195343643427,,
7,62049,,0.0010106728877872229,,
7,62099,,0.0006468187784776092,,
7,62149,,0.0012680708896368742,,
7,62199,,0.00030638129101134837,,
7,62249,,0.0005042967386543751,,
7,62299,,0.001438421313650906,,
7,62349,,0.00024241225037258118,,
7,62399,,0.0005205989582464099,,
7,62449,,0.000639154517557472,,
7,62499,,0.00039250520057976246,,
7,62549,,0.0004065448301844299,,
7,62599,,0.0026010763831436634,,
7,62649,,0.0004432984278537333,,
7,62699,,0.00028004427440464497,,
7,62749,,0.0019670233596116304,,
7,62799,,0.00044241579598747194,,
7,62849,,0.0003455998667050153,,
7,62899,,0.0002966074680443853,,
7,62949,,0.0002658916055224836,,
7,62999,,0.00043616502080112696,,
7,63049,,0.00018393044592812657,,
7,63099,,0.002240300178527832,,
7,63149,,0.0008843643008731306,,
7,63199,,0.001026922487653792,,
7,63249,,0.0009308597072958946,,
7,63299,,0.0005762227228842676,,
7,63349,,0.00020703519112430513,,
7,63399,,0.003043592907488346,,
7,63449,,0.0012245349353179336,,
7,63499,,0.0007982106180861592,,
7,63549,,0.00047519771032966673,,
7,63599,,0.0013732615625485778,,
7,63649,,0.0016840352909639478,,
7,63699,,0.0007211660267785192,,
7,63749,,0.00022090769198257476,,
7,63799,,0.0005479234969243407,,
7,63849,,0.0007621664553880692,,
7,63899,,0.00022746344620827585,,
7,63949,,0.0027800975367426872,,
7,63999,,0.0002772478328552097,,
7,64049,,0.000548073963727802,,
7,64099,,0.0013081890065222979,,
7,64149,,0.0011382568627595901,,
7,64199,,0.0005484202411025763,,
7,64249,,0.00317362486384809,,
7,64299,,0.0007916523609310389,,
7,64349,,0.0003443641180638224,,
7,64399,,0.00044006327516399324,,
7,64449,,0.0006127935484983027,,
7,64499,,0.0024511804804205894,,
7,64549,,0.000882511492818594,,
7,64599,,0.0003425758332014084,,
7,64649,,0.001300891861319542,,
7,64699,,0.0007793721160851419,,
7,64749,,0.000619452097453177,,
7,64799,,0.00036336958874017,,
7,64849,,0.00014778270269744098,,
7,64899,,0.0009107412188313901,,
7,64949,,0.00026917256764136255,,
7,64999,,0.001271162531338632,,
7,65015,,,0.0014274830464273691,0.0014274830464273691
7,65015,0.0007714618113823235,,,
8,65049,,0.0005404833937063813,,
8,65099,,0.0008454201160930097,,
8,65149,,0.0003678648208733648,,
8,65199,,0.001425460446625948,,
8,65249,,0.0004659330006688833,,
8,65299,,0.00017258894513361156,,
8,65349,,0.00040944828651845455,,
8,65399,,0.000611099589150399,,
8,65449,,0.0003506219945847988,,
8,65499,,0.0003928579099010676,,
8,65549,,0.0004075967299286276,,
8,65599,,0.0006290689343586564,,
8,65649,,0.0012919933069497347,,
8,65699,,0.0008348716073669493,,
8,65749,,0.0007506765541620553,,
8,65799,,0.0008057084050960839,,
8,65849,,0.0003855811373796314,,
8,65899,,0.0014803310623392463,,
8,65949,,0.0007991396705619991,,
8,65999,,0.0002676238364074379,,
8,66049,,0.000123980178614147,,
8,66099,,0.00024783704429864883,,
8,66149,,0.00034309932379983366,,
8,66199,,0.0017986020538955927,,
8,66249,,0.0006992056732997298,,
8,66299,,0.0004493175074458122,,
8,66349,,0.00021584818023256958,,
8,66399,,0.0007384484633803368,,
8,66449,,0.00237918458878994,,
8,66499,,0.00013363476318772882,,
8,66549,,0.0015630394918844104,,
8,66599,,0.0011307864915579557,,
8,66649,,0.00013645397848449647,,
8,66699,,0.0002913729986175895,,
8,66749,,0.0001599911047378555,,
8,66799,,0.000403599813580513,,
8,66849,,0.0023774714209139347,,
8,66899,,0.0001941174705279991,,
8,66949,,0.00023420469369739294,,
8,66999,,0.0005229074158705771,,
8,67049,,0.000444710545707494,,
8,67099,,0.0005358749767765403,,
8,67149,,0.0003063881304115057,,
8,67199,,0.00026489689480513334,,
8,67249,,0.00021703667880501598,,
8,67299,,0.003075800836086273,,
8,67349,,0.00032090049353428185,,
8,67399,,0.0003313389024697244,,
8,67449,,0.0005113338120281696,,
8,67499,,0.0003437060222495347,,
8,67549,,0.0002820115187205374,,
8,67599,,0.000791318656411022,,
8,67649,,0.0004341860767453909,,
8,67699,,0.00139712227974087,,
8,67749,,0.000337306089932099,,
8,67799,,0.00015922525199130177,,
8,67849,,0.001398575841449201,,
8,67899,,0.00045337245683185756,,
8,67949,,0.0008926804875954986,,
8,67999,,0.00032164916046895087,,
8,68049,,0.0001805617503123358,,
8,68099,,0.00017498942906968296,,
8,68149,,0.00010070439020637423,,
8,68199,,0.00038352335104718804,,
8,68249,,0.00031698885140940547,,
8,68299,,0.0016450898256152868,,
8,68349,,0.0008699987083673477,,
8,68399,,0.0002602479071356356,,
8,68449,,0.00028557173209264874,,
8,68499,,0.0028292883653193712,,
8,68549,,0.00045746832620352507,,
8,68599,,0.00022833640105091035,,
8,68649,,0.0001155356876552105,,
8,68699,,0.0004707507323473692,,
8,68749,,0.002293732948601246,,
8,68799,,0.000723048229701817,,
8,68849,,0.0006810672348365188,,
8,68899,,0.0004189956816844642,,
8,68949,,0.00023443684040103108,,
8,68999,,0.0006248140707612038,,
8,69049,,0.0010951859876513481,,
8,69099,,0.002146862680092454,,
8,69149,,0.00040079624159261584,,
8,69199,,0.00015043903840705752,,
8,69249,,0.0021556317806243896,,
8,69299,,0.0002585506590548903,,
8,69349,,0.0005872542969882488,,
8,69399,,0.0003547531960066408,,
8,69449,,0.0006792463827878237,,
8,69499,,0.0006091924151405692,,
8,69549,,0.00041000708006322384,,
8,69599,,0.0004005664959549904,,
8,69649,,0.0006933654076419771,,
8,69699,,0.0002298103499924764,,
8,69749,,0.000532013364136219,,
8,69799,,0.0014103477587923408,,
8,69849,,0.00023547562886960804,,
8,69899,,0.0007109056459739804,,
8,69949,,0.003956775180995464,,
8,69999,,0.0006157814641483128,,
8,70049,,0.0011918050004169345,,
8,70099,,0.0007490911521017551,,
8,70149,,0.0005016879294998944,,
8,70199,,0.0011288204696029425,,
8,70249,,0.00023501597752328962,,
8,70299,,0.00011223707406315953,,
8,70349,,0.00032013439340516925,,
8,70399,,0.0003087243821937591,,
8,70449,,0.00018729676958173513,,
8,70499,,0.0009501775493845344,,
8,70549,,0.0002826523268595338,,
8,70599,,0.007974214851856232,,
8,70649,,0.00024578042211942375,,
8,70699,,0.0050331344828009605,,
8,70749,,0.0004189385217614472,,
8,70799,,0.000327195564750582,,
8,70849,,0.0004815510183107108,,
8,70899,,0.0001471815921831876,,
8,70949,,0.00036617828300222754,,
8,70999,,0.007065061945468187,,
8,71049,,0.0002619237930048257,,
8,71099,,0.0003037591523025185,,
8,71149,,0.0003154223377350718,,
8,71199,,0.0005498369573615491,,
8,71249,,0.00018853094661608338,,
8,71299,,0.0011890302412211895,,
8,71349,,0.00023440313816536218,,
8,71399,,0.0006695096963085234,,
8,71449,,0.0038345411885529757,,
8,71499,,0.0004189714672975242,,
8,71549,,0.0004600632528308779,,
8,71599,,0.0003610088024288416,,
8,71649,,0.000386392290238291,,
8,71699,,0.00025502839707769454,,
8,71749,,0.0007604697020724416,,
8,71799,,0.0004394354473333806,,
8,71849,,0.0022297832183539867,,
8,71899,,0.00028417434077709913,,
8,71949,,0.0016621621325612068,,
8,71999,,0.0002486480516381562,,
8,72049,,0.0001703619782347232,,
8,72099,,0.00019610821618698537,,
8,72149,,0.0007276617689058185,,
8,72199,,0.0009481565793976188,,
8,72249,,0.0015427410835400224,,
8,72299,,0.0004403858329169452,,
8,72349,,0.0003368122852407396,,
8,72399,,0.0001067750999936834,,
8,72449,,0.0011293577263131738,,
8,72499,,0.000434902380220592,,
8,72549,,0.00028159841895103455,,
8,72599,,0.001813989831134677,,
8,72649,,0.0005226896610110998,,
8,72699,,0.00025138197815977037,,
8,72749,,0.0005393128958530724,,
8,72799,,0.00024662099895067513,,
8,72849,,0.0002928336034528911,,
8,72899,,0.0005133713711984456,,
8,72949,,0.0006866917829029262,,
8,72999,,0.0003699373919516802,,
8,73049,,0.0007034412701614201,,
8,73099,,0.00030353388865478337,,
8,73142,,,0.0006827901815995574,0.0006827901815995574
8,73142,0.0007226452580653131,,,
9,73149,,0.0006469565560109913,,
9,73199,,0.0003074910200666636,,
9,73249,,0.00032554313656874,,
9,73299,,0.001482846331782639,,
9,73349,,0.000919313111808151,,
9,73399,,0.0004273753147572279,,
9,73449,,0.000586450332775712,,
9,73499,,0.0008105863817036152,,
9,73549,,0.00016340827278327197,,
9,73599,,0.00022926906240172684,,
9,73649,,0.0002843826950993389,,
9,73699,,0.000313666183501482,,
9,73749,,0.005539590492844582,,
9,73799,,0.0005680673639290035,,
9,73849,,0.00029260903829708695,,
9,73899,,0.0003345587174408138,,
9,73949,,0.000391818059142679,,
9,73999,,0.0002671565453056246,,
9,74049,,0.000573475903365761,,
9,74099,,0.0012448544148355722,,
9,74149,,0.0003830238420050591,,
9,74199,,0.00019740755669772625,,
9,74249,,0.0009016881231218576,,
9,74299,,0.00216272403486073,,
9,74349,,0.00012372172204777598,,
9,74399,,0.00011286695371381938,,
9,74449,,0.0009435589308850467,,
9,74499,,0.0003575324662961066,,
9,74549,,0.0022282348945736885,,
9,74599,,0.002381191123276949,,
9,74649,,0.0001908962003653869,,
9,74699,,0.0007507134578190744,,
9,74749,,0.00017442151147406548,,
9,74799,,0.0001361042377538979,,
9,74849,,0.0003674648469313979,,
9,74899,,0.0024751510936766863,,
9,74949,,0.002244894625619054,,
9,74999,,0.00037765741581097245,,
9,75049,,0.0003271959722042084,,
9,75099,,0.00024800063692964613,,
9,75149,,0.0003664586693048477,,
9,75199,,0.0002382647799095139,,
9,75249,,0.00034736422821879387,,
9,75299,,0.0003103151684626937,,
9,75349,,0.0007894228328950703,,
9,75399,,0.0064948624931275845,,
9,75449,,0.0012835540110245347,,
9,75499,,0.00045484816655516624,,
9,75549,,0.00020203919848427176,,
9,75599,,0.00042507221223786473,,
9,75649,,0.001025800360366702,,
9,75699,,0.00023281316680368036,,
9,75749,,0.0003737217339221388,,
9,75799,,0.00026081918622367084,,
9,75849,,0.00038419105112552643,,
9,75899,,0.0005601489101536572,,
9,75949,,0.00018926092889159918,,
9,75999,,0.00035135660436935723,,
9,76049,,0.0002795231994241476,,
9,76099,,0.0006007555057294667,,
9,76149,,0.000776607368607074,,
9,76199,,0.000266718358034268,,
9,76249,,0.0006749279564246535,,
9,76299,,0.00029822319629602134,,
9,76349,,0.0003402226429898292,,
9,76399,,0.00041865857201628387,,
9,76449,,0.00047496758634224534,,
9,76499,,0.00027049833443015814,,
9,76549,,0.00013197044609114528,,
9,76599,,0.00023032035096548498,,
9,76649,,0.0002514618099667132,,
9,76699,,0.0005662234616465867,,
9,76749,,0.0007000995683483779,,
9,76799,,0.0001721986336633563,,
9,76849,,9.16909339139238e-05,,
9,76899,,0.0002544433227740228,,
9,76949,,0.00023812102153897285,,
9,76999,,0.0002223188494099304,,
9,77049,,0.0003109378449153155,,
9,77099,,0.0001470613497076556,,
9,77149,,0.0003224187239538878,,
9,77199,,0.001508522778749466,,
9,77249,,0.0010185216087847948,,
9,77299,,0.0003282047400716692,,
9,77349,,0.000571094686165452,,
9,77399,,0.00026245799381285906,,
9,77449,,0.0010452152928337455,,
9,77499,,0.000245675997575745,,
9,77549,,0.0007958543719723821,,
9,77599,,0.00014802158693782985,,
9,77649,,0.00036381185054779053,,
9,77699,,0.00032890221336856484,,
9,77749,,0.00021512700186576694,,
9,77799,,0.0003941877803299576,,
9,77849,,0.0006774752982892096,,
9,77899,,0.0006262942333705723,,
9,77949,,0.00028748559998348355,,
9,77999,,0.00030193349812179804,,
9,78049,,0.00013443829084280878,,
9,78099,,0.0010122045641764998,,
9,78149,,0.0003683342947624624,,
9,78199,,0.0001994762133108452,,
9,78249,,0.00018399146210867912,,
9,78299,,0.0005140404682606459,,
9,78349,,0.0006126401131041348,,
9,78399,,0.0005398270441219211,,
9,78449,,0.001936779241077602,,
9,78499,,0.0005846940912306309,,
9,78549,,0.00033297791378572583,,
9,78599,,0.00021279032807797194,,
9,78649,,0.0002666373329702765,,
9,78699,,0.0010915988823398948,,
9,78749,,0.0005898664239794016,,
9,78799,,0.0009581237100064754,,
9,78849,,0.00028615863993763924,,
9,78899,,0.0005640210583806038,,
9,78949,,0.00031679129460826516,,
9,78999,,0.0010688179172575474,,
9,79049,,0.00039223459316417575,,
9,79099,,0.0009462579037062824,,
9,79149,,0.0015737583162263036,,
9,79199,,0.0004008720861747861,,
9,79249,,0.00035590524203144014,,
9,79299,,0.0002419950906187296,,
9,79349,,0.0005052720662206411,,
9,79399,,0.00019302815780974925,,
9,79449,,0.00040823122253641486,,
9,79499,,0.0013467888347804546,,
9,79549,,0.0002694529539439827,,
9,79599,,0.0003987312666140497,,
9,79649,,0.00013865109940525144,,
9,79699,,0.0011180650908499956,,
9,79749,,0.0006696231430396438,,
9,79799,,0.0003676639753393829,,
9,79849,,0.0003671059967018664,,
9,79899,,0.0002285671653226018,,
9,79949,,0.0005096466629765928,,
9,79999,,0.0003719617670867592,,
9,80049,,0.0006555113941431046,,
9,80099,,0.000751214858610183,,
9,80149,,0.00031347695039585233,,
9,80199,,0.0008937045349739492,,
9,80249,,0.0005606496706604958,,
9,80299,,0.00018679739150684327,,
9,80349,,0.0006253349711187184,,
9,80399,,0.0031198051292449236,,
9,80449,,0.00036557973362505436,,
9,80499,,0.0002104520972352475,,
9,80549,,0.00047657566028647125,,
9,80599,,0.0006405713502317667,,
9,80649,,0.0002446345752105117,,
9,80699,,0.0003539809840731323,,
9,80749,,0.0002924455620814115,,
9,80799,,0.00025967531837522984,,
9,80849,,0.0003241957747377455,,
9,80899,,0.0005223073530942202,,
9,80949,,0.0010382616892457008,,
9,80999,,0.00015242827066686004,,
9,81049,,0.0011285844957455993,,
9,81099,,0.0005936438101343811,,
9,81149,,0.0003256510535720736,,
9,81199,,0.00011510177864693105,,
9,81249,,0.0002601677842903882,,
9,81269,,,0.0006925838533788919,0.0006925838533788919
9,81269,0.0006893480313010514,,,
10,81299,,0.0003521443286444992,,
10,81349,,0.0002929989423137158,,
10,81399,,0.00015949821681715548,,
10,81449,,0.0004908522241748869,,
10,81499,,0.0004304028698243201,,
10,81549,,0.00022047193488106132,,
10,81599,,0.00031931407283991575,,
10,81649,,0.0006949935341253877,,
10,81699,,0.004110606852918863,,
10,81749,,0.00019340807921253145,,
10,81799,,0.00012734028859995306,,
10,81849,,0.0012791415210813284,,
10,81899,,0.0002690370019990951,,
10,81949,,0.00026145874289795756,,
10,81999,,0.0005034419009461999,,
10,82049,,0.0005930634215474129,,
10,82099,,0.00023507128935307264,,
10,82149,,0.0007937047048471868,,
10,82199,,0.0006867868942208588,,
10,82249,,0.00043866850319318473,,
10,82299,,0.00027035915991291404,,
10,82349,,0.002145763486623764,,
10,82399,,0.00023222573508974165,,
10,82449,,0.00019869364041369408,,
10,82499,,0.0009438901906833053,,
10,82549,,0.000690676097292453,,
10,82599,,0.0001798299781512469,,
10,82649,,0.00040891591925174,,
10,82699,,0.0005095225642435253,,
10,82749,,0.00046495103742927313,,
10,82799,,7.047770486678928e-05,,
10,82849,,0.0018837047973647714,,
10,82899,,0.0008313632570207119,,
10,82949,,0.00012975040590390563,,
10,82999,,0.0004132914764340967,,
10,83049,,0.0005578789277933538,,
10,83099,,0.00020078773377463222,,
10,83149,,0.0002051993942586705,,
10,83199,,0.0014090625336393714,,
10,83249,,0.0006614153971895576,,
10,83299,,0.00018088323122356087,,
10,83349,,0.005379078909754753,,
10,83399,,9.800739644560963e-05,,
10,83449,,0.00012371705088298768,,
10,83499,,0.001194409211166203,,
10,83549,,0.0006332743796519935,,
10,83599,,0.00016257459355983883,,
10,83649,,0.00019113199959974736,,
10,83699,,0.00034816874540410936,,
10,83749,,0.00024651322746649384,,
10,83799,,0.0007546322303824127,,
10,83849,,0.0005007298314012587,,
10,83899,,0.0003607239050325006,,
10,83949,,0.00044676652760244906,,
10,83999,,0.00019175870693288743,,
10,84049,,0.0002228675439255312,,
10,84099,,0.00020555728406179696,,
10,84149,,0.00039986881893128157,,
10,84199,,0.0003054219705518335,,
10,84249,,0.00021364953136071563,,
10,84299,,0.004992742091417313,,
10,84349,,0.0002894392528105527,,
10,84399,,0.0001781738392310217,,
10,84449,,0.0005344150122255087,,
10,84499,,0.0002308207913301885,,
10,84549,,0.0008643846958875656,,
10,84599,,0.0009426823235116899,,
10,84649,,0.00044007727410644293,,
10,84699,,0.0014319811016321182,,
10,84749,,0.00026656858972273767,,
10,84799,,0.0009184168302454054,,
10,84849,,0.00022240515681914985,,
10,84899,,0.004242714494466782,,
10,84949,,0.0004924742970615625,,
10,84999,,0.00021937502606306225,,
10,85049,,0.001739372150041163,,
10,85099,,0.000257040373980999,,
10,85149,,0.0002000386593863368,,
10,85199,,0.000194759777514264,,
10,85249,,0.0004357280267868191,,
10,85299,,0.00016411961405538023,,
10,85349,,0.0002629663795232773,,
10,85399,,0.00027626758674159646,,
10,85449,,0.00024845832376740873,,
10,85499,,0.0010771077359095216,,
10,85549,,0.0004916043253615499,,
10,85599,,0.0003917368594557047,,
10,85649,,0.0003695148625411093,,
10,85699,,0.00027332387981005013,,
10,85749,,0.00044437742326408625,,
10,85799,,0.00034987449180334806,,
10,85849,,0.0024581498000770807,,
10,85899,,0.00024094544642139226,,
10,85949,,0.0003431660297792405,,
10,85999,,0.0008276650914922357,,
10,86049,,0.0006877948762848973,,
10,86099,,0.006261121481657028,,
10,86149,,0.00021990897948853672,,
10,86199,,0.0007994006737135351,,
10,86249,,0.000782741466537118,,
10,86299,,0.0003744103596545756,,
10,86349,,0.0004843302012886852,,
10,86399,,0.005595528520643711,,
10,86449,,0.0002115222450811416,,
10,86499,,0.0002809861325658858,,
10,86549,,0.00031704880530014634,,
10,86599,,0.0004829557437915355,,
10,86649,,0.0008551007485948503,,
10,86699,,0.00020182292792014778,,
10,86749,,0.001431087963283062,,
10,86799,,0.002024398883804679,,
10,86849,,0.0003366227902006358,,
10,86899,,0.00025529289268888533,,
10,86949,,0.0002499283873476088,,
10,86999,,0.0006012733792886138,,
10,87049,,0.000561620807275176,,
10,87099,,0.00027330100419931114,,
10,87149,,0.0014965548180043697,,
10,87199,,0.00022865820210427046,,
10,87249,,0.00019794281979557127,,
10,87299,,0.0004158163210377097,,
10,87349,,0.00012979956227354705,,
10,87399,,0.00021509063662961125,,
10,87449,,0.0003379500412847847,,
10,87499,,0.0005944099393673241,,
10,87549,,0.00025525689125061035,,
10,87599,,0.009824652224779129,,
10,87649,,0.00036007852759212255,,
10,87699,,0.0016032259445637465,,
10,87749,,0.0011408935533836484,,
10,87799,,0.0002715345472097397,,
10,87849,,0.00016764631436672062,,
10,87899,,0.0062301503494381905,,
10,87949,,0.0012815394438803196,,
10,87999,,0.00022320786956697702,,
10,88049,,0.0007211762713268399,,
10,88099,,0.00023779962793923914,,
10,88149,,0.00041617226088419557,,
10,88199,,0.00017331659910269082,,
10,88249,,0.0003162365755997598,,
10,88299,,0.00027485736063681543,,
10,88349,,0.00032011326402425766,,
10,88399,,0.0007673880900256336,,
10,88449,,0.0005484754219651222,,
10,88499,,0.0008374301251024008,,
10,88549,,8.82188614923507e-05,,
10,88599,,0.0002156860427930951,,
10,88649,,0.00012090936070308089,,
10,88699,,0.0035225884057581425,,
10,88749,,0.0003873368841595948,,
10,88799,,0.00035028852289542556,,
10,88849,,0.00041941754170693457,,
10,88899,,0.0002558045962359756,,
10,88949,,0.0004719591233879328,,
10,88999,,0.00017390205175615847,,
10,89049,,0.0004767015343531966,,
10,89099,,0.00016185051936190575,,
10,89149,,0.00032696803100407124,,
10,89199,,0.0008576902910135686,,
10,89249,,0.00019493370200507343,,
10,89299,,0.00043872135574929416,,
10,89349,,0.00017495275824330747,,
10,89396,,,0.0006565668736584485,0.0006565668736584485
10,89396,0.0006630906136706471,,,
11,89399,,0.0007833925192244351,,
11,89449,,0.00029245149926282465,,
11,89499,,0.0004711468645837158,,
11,89549,,0.0006792439380660653,,
11,89599,,0.000573072989936918,,
11,89649,,0.000220325164264068,,
11,89699,,0.0008149478817358613,,
11,89749,,0.00038234228850342333,,
11,89799,,0.00021559694141615182,,
11,89849,,0.0004684875311795622,,
11,89899,,0.0011903131380677223,,
11,89949,,0.0004156227223575115,,
11,89999,,0.00015442949370481074,,
11,90049,,0.004933827556669712,,
11,90099,,0.00023387653345707804,,
11,90149,,0.002547510201111436,,
11,90199,,0.00020707368094008416,,
11,90249,,0.0012940465239807963,,
11,90299,,0.0008091134368441999,,
11,90349,,0.002677156589925289,,
11,90399,,0.0001545499690109864,,
11,90449,,0.0005672769038937986,,
11,90499,,0.00040878576692193747,,
11,90549,,0.00024753730394877493,,
11,90599,,0.00036089299828745425,,
11,90649,,0.0009177445317618549,,
11,90699,,0.00026289696688763797,,
11,90749,,0.0003151260898448527,,
11,90799,,0.0003637691552285105,,
11,90849,,0.0005266197258606553,,
11,90899,,0.00039593837573193014,,
11,90949,,0.003982900641858578,,
11,90999,,0.001075426465831697,,
11,91049,,0.0001628858153708279,,
11,91099,,0.00012285834236536175,,
11,91149,,0.001122489687986672,,
11,91199,,0.00016382301691919565,,
11,91249,,0.00033869955223053694,,
11,91299,,0.0007342773606069386,,
11,91349,,0.00027668234542943537,,
11,91399,,0.00024340707750525326,,
11,91449,,0.00041087984573096037,,
11,91499,,0.0003001149743795395,,
11,91549,,0.0004304471658542752,,
11,91599,,0.00012647583207581192,,
11,91649,,0.0003394653322175145,,
11,91699,,0.00010611028119456023,,
11,91749,,0.00042812610627152026,,
11,91799,,0.0004985636915080249,,
11,91849,,0.0001730008953018114,,
11,91899,,0.0001634274231037125,,
11,91949,,0.00018314103363081813,,
11,91999,,0.0005838546785525978,,
11,92049,,0.0003846792096737772,,
11,92099,,0.0003274007176514715,,
11,92149,,0.000357298762537539,,
11,92199,,0.00023655040422454476,,
11,92249,,0.0006468624342232943,,
11,92299,,0.0005226405919529498,,
11,92349,,0.0001709389907773584,,
11,92399,,0.0002240635803900659,,
11,92449,,0.0003489199443720281,,
11,92499,,0.00018212231225334108,,
11,92549,,0.0001517902419436723,,
11,92599,,0.00026610796339809895,,
11,92649,,0.0003709835291374475,,
11,92699,,0.0007733170059509575,,
11,92749,,0.00018961170280817896,,
11,92799,,0.0020747629459947348,,
11,92849,,0.0003456222184468061,,
11,92899,,0.0004325172631070018,,
11,92949,,0.0003678494249470532,,
11,92999,,0.00020402870723046362,,
11,93049,,0.0032678868155926466,,
11,93099,,0.00015694284229539335,,
11,93149,,0.0005496600642800331,,
11,93199,,0.0002518454275559634,,
11,93249,,0.00014295635628513992,,
11,93299,,0.00022428757802117616,,
11,93349,,0.00020004234102088958,,
11,93399,,0.000234560837270692,,
11,93449,,0.00029088318115100265,,
11,93499,,0.0005565621540881693,,
11,93549,,0.0001507686247350648,,
11,93599,,0.00043276246287859976,,
11,93649,,0.00038652715738862753,,
11,93699,,0.0015632293652743101,,
11,93749,,9.798750397749245e-05,,
11,93799,,0.0005187583155930042,,
11,93849,,0.0001817441516323015,,
11,93899,,0.00042662673513405025,,
11,93949,,0.00036312013980932534,,
11,93999,,0.0002484673459548503,,
11,94049,,0.00019628950394690037,,
11,94099,,0.0004492412554100156,,
11,94149,,0.00023490842431783676,,
11,94199,,0.0001461919309804216,,
11,94249,,0.00018185912631452084,,
11,94299,,0.0002854675694834441,,
11,94349,,0.00039154733531177044,,
11,94399,,0.00020286209473852068,,
11,94449,,0.0002760647621471435,,
11,94499,,0.0006459268042817712,,
11,94549,,0.00014785488019697368,,
11,94599,,0.00031786103500053287,,
11,94649,,0.0003629199927672744,,
11,94699,,0.0006735541392117739,,
11,94749,,0.00046628067502751946,,
11,94799,,0.000671025482006371,,
11,94849,,0.0003331411280669272,,
11,94899,,0.0005250731483101845,,
11,94949,,0.0005200579180382192,,
11,94999,,0.00022071259445510805,,
11,95049,,0.00016500576748512685,,
11,95099,,0.000463375065010041,,
11,95149,,0.0008063833229243755,,
11,95199,,0.00022578630887437612,,
11,95249,,0.00023780702031217515,,
11,95299,,0.0017179363640025258,,
11,95349,,0.0001876929309219122,,
11,95399,,0.0002883122069761157,,
11,95449,,0.00033950910437852144,,
11,95499,,0.00020478336955420673,,
11,95549,,0.00014139922859612852,,
11,95599,,0.00016756408149376512,,
11,95649,,0.0007039543706923723,,
11,95699,,0.00036382171674631536,,
11,95749,,0.00025592409656383097,,
11,95799,,0.00026105399592779577,,
11,95849,,0.0002423899422865361,,
11,95899,,0.0016241667326539755,,
11,95949,,0.00014234772243071347,,
11,95999,,0.00025519944028928876,,
11,96049,,0.00041994935600087047,,
11,96099,,0.0005028197774663568,,
11,96149,,0.0010476895840838552,,
11,96199,,0.002418960677459836,,
11,96249,,0.00017018966900650412,,
11,96299,,0.00020722899353131652,,
11,96349,,0.0011232058750465512,,
11,96399,,0.0004322986351326108,,
11,96449,,0.00013247685274109244,,
11,96499,,0.00012054145190631971,,
11,96549,,0.001410784083418548,,
11,96599,,0.0003054180124308914,,
11,96649,,0.00016421295003965497,,
11,96699,,0.00024962815223261714,,
11,96749,,0.0003001647419296205,,
11,96799,,0.00023368925030808896,,
11,96849,,0.00019790542137343436,,
11,96899,,0.00023481987591367215,,
11,96949,,0.00018421857384964824,,
11,96999,,0.0008912540506571531,,
11,97049,,0.000266660179477185,,
11,97099,,9.511238749837503e-05,,
11,97149,,0.00020774907898157835,,
11,97199,,0.00018799080862663686,,
11,97249,,0.00021959072910249233,,
11,97299,,0.0018660762580111623,,
11,97349,,0.00019977151532657444,,
11,97399,,0.0005713001010008156,,
11,97449,,0.0004433231661096215,,
11,97499,,0.00024142544134519994,,
11,97523,,,0.0006200828938744962,0.0006200828938744962
11,97523,0.0006189292180351913,,,
12,97549,,0.00042567020864225924,,
12,97599,,0.00021887758339289576,,
12,97649,,0.00014706213551107794,,
12,97699,,0.0002180797018809244,,
12,97749,,0.0007651312043890357,,
12,97799,,0.0006025133770890534,,
12,97849,,0.0001308505015913397,,
12,97899,,0.0008335974416695535,,
12,97949,,0.0006378814578056335,,
12,97999,,0.0007048733532428741,,
12,98049,,0.0001483377709519118,,
12,98099,,0.0002894902427215129,,
12,98149,,0.0002627416979521513,,
12,98199,,0.00041561515536159277,,
12,98249,,0.00017969256441574544,,
12,98299,,0.00029115434153936803,,
12,98349,,0.0007213527569547296,,
12,98399,,0.00026247056666761637,,
12,98449,,0.0004196411755401641,,
12,98499,,0.00034132791915908456,,
12,98549,,0.00027188201784156263,,
12,98599,,0.00026339388568885624,,
12,98649,,0.00016770615184213966,,
12,98699,,0.00041880569187924266,,
12,98749,,0.00026507541770115495,,
12,98799,,0.0008014914346858859,,
12,98849,,0.00024126539938151836,,
12,98899,,0.0007759521249681711,,
12,98949,,0.00017294115968979895,,
12,98999,,0.00023511004110332578,,
12,99049,,0.0005374716129153967,,
12,99099,,0.00016581173986196518,,
12,99149,,0.00040846929186955094,,
12,99199,,0.0001824819773901254,,
12,99249,,0.0009800788247957826,,
12,99299,,0.00048779722419567406,,
12,99349,,0.00016411891556344926,,
12,99399,,0.0038453955203294754,,
12,99449,,0.0002444912970531732,,
12,99499,,0.0002116705582011491,,
12,99549,,0.0006704590050503612,,
12,99599,,0.00035188382025808096,,
12,99649,,0.00014103374269325286,,
12,99699,,0.0004679169214796275,,
12,99749,,0.00021084323816467077,,
12,99799,,0.0017337329918518662,,
12,99849,,0.0013391327811405063,,
12,99899,,0.00021640254999510944,,
12,99949,,0.0003260376979596913,,
12,99999,,0.000272575271083042,,
12,100049,,0.00028401310555636883,,
12,100099,,0.00031621771631762385,,
12,100149,,0.0002184119657613337,,
12,100199,,0.00027568486984819174,,
12,100249,,0.000363258586730808,,
12,100299,,0.0005294529837556183,,
12,100349,,0.0004859647306147963,,
12,100399,,0.0001439820189261809,,
12,100449,,0.00014372688019648194,,
12,100499,,0.0010685320012271404,,
12,100549,,0.00021215090237092227,,
12,100599,,0.00013839798339176923,,
12,100649,,0.0015396785456687212,,
12,100699,,0.0013150040758773685,,
12,100749,,0.0008105461020022631,,
12,100799,,0.00018384291615802795,,
12,100849,,0.00017508385644759983,,
12,100899,,0.00022561097284778953,,
12,100949,,0.0035600741393864155,,
12,100999,,0.00016155545017682016,,
12,101049,,0.00016883884381968528,,
12,101099,,0.0001946299453265965,,
12,101149,,0.0033578919246792793,,
12,101199,,0.00022657602676190436,,
12,101249,,0.0006186154787428677,,
12,101299,,0.0002164738834835589,,
12,101349,,0.0005815434851683676,,
12,101399,,0.000166470737894997,,
12,101449,,0.00039183770422823727,,
12,101499,,0.0015078061260282993,,
12,101549,,0.00017217274580616504,,
12,101599,,0.0002810502774082124,,
12,101649,,0.0004041776992380619,,
12,101699,,0.00019863499619532377,,
12,101749,,0.00023113694624044,,
12,101799,,0.00019906829402316362,,
12,101849,,0.0005258552846498787,,
12,101899,,0.0023818437475711107,,
12,101949,,0.0005394516629166901,,
12,101999,,0.00013392083928920329,,
12,102049,,0.0003318419330753386,,
12,102099,,0.00030029707704670727,,
12,102149,,0.00021479945280589163,,
12,102199,,0.0003467452770564705,,
12,102249,,0.0002387098502367735,,
12,102299,,0.00034869846422225237,,
12,102349,,0.0003237936762161553,,
12,102399,,0.00017207286146003753,,
12,102449,,0.0006755072390660644,,
12,102499,,0.00013977121852803975,,
12,102549,,0.0001900468341773376,,
12,102599,,9.271015733247623e-05,,
12,102649,,0.00047986427671276033,,
12,102699,,0.0007923526572994888,,
12,102749,,0.0003879616560880095,,
12,102799,,0.00044496566988527775,,
12,102849,,0.0003120128239970654,,
12,102899,,0.00016458674508612603,,
12,102949,,0.000202130526304245,,
12,102999,,0.0010599530069157481,,
12,103049,,0.00016282786964438856,,
12,103099,,0.0006220779032446444,,
12,103149,,0.0008169113425537944,,
12,103199,,0.0003079885500483215,,
12,103249,,0.0009354583453387022,,
12,103299,,0.0002842389221768826,,
12,103349,,0.0006841286667622626,,
12,103399,,0.0015557801816612482,,
12,103449,,0.00021397820091806352,,
12,103499,,0.0007566366111859679,,
12,103549,,0.00042030325857922435,,
12,103599,,0.0006863707094453275,,
12,103649,,0.0007202808046713471,,
12,103699,,0.000785020471084863,,
12,103749,,0.001951052574440837,,
12,103799,,0.00029911482124589384,,
12,103849,,0.0017213026294484735,,
12,103899,,0.0002845636336132884,,
12,103949,,0.00011424755211919546,,
12,103999,,0.0009295541094616055,,
12,104049,,0.001599396695382893,,
12,104099,,0.0006995481089688838,,
12,104149,,0.000488691555801779,,
12,104199,,0.00414704717695713,,
12,104249,,0.00019948308181483299,,
12,104299,,0.0006931085954420269,,
12,104349,,0.0009971196996048093,,
12,104399,,0.00032506458228453994,,
12,104449,,0.00038205485907383263,,
12,104499,,0.00014581858704332262,,
12,104549,,0.0002396695635979995,,
12,104599,,0.00037588534178212285,,
12,104649,,0.0002841867390088737,,
12,104699,,0.0003068415098823607,,
12,104749,,0.00012329878518357873,,
12,104799,,0.0002144157188013196,,
12,104849,,0.00028956460300832987,,
12,104899,,0.0009136098087765276,,
12,104949,,0.00017426451086066663,,
12,104999,,0.00015073521353770047,,
12,105049,,0.0008177502895705402,,
12,105099,,0.0002045325527433306,,
12,105149,,0.0005513629876077175,,
12,105199,,0.0003407795447856188,,
12,105249,,9.88250394584611e-05,,
12,105299,,0.00030380842508748174,,
12,105349,,0.0004408538807183504,,
12,105399,,0.0005319739575497806,,
12,105449,,0.0008190831285901368,,
12,105499,,0.00012606175732798874,,
12,105549,,0.0004871302517130971,,
12,105599,,0.0003910769009962678,,
12,105649,,0.00279857125133276,,
12,105650,,,0.0007054241723380983,0.0007054241723380983
12,105650,0.0006024468457326293,,,
13,105699,,0.00032418998307548463,,
13,105749,,0.00019688066095113754,,
13,105799,,0.0005953335203230381,,
13,105849,,0.00030982858152128756,,
13,105899,,0.004081099294126034,,
13,105949,,0.0001987715222639963,,
13,105999,,0.0008046003058552742,,
13,106049,,0.000948379107285291,,
13,106099,,0.00026212335797026753,,
13,106149,,0.0002675029681995511,,
13,106199,,0.0012634082231670618,,
13,106249,,0.00022280147823039442,,
13,106299,,0.00018753977201413363,,
13,106349,,0.0002393842878518626,,
13,106399,,0.0018576153088361025,,
13,106449,,0.0002764232049230486,,
13,106499,,0.00027836934896185994,,
13,106549,,0.00016038458852563053,,
13,106599,,0.0005654879496432841,,
13,106649,,0.0008326912065967917,,
13,106699,,0.00021543804905377328,,
13,106749,,0.00014610370271839201,,
13,106799,,6.706660497002304e-05,,
13,106849,,0.00021025410387665033,,
13,106899,,0.00022905031801201403,,
13,106949,,0.00011269058450125158,,
13,106999,,0.00014558994735125452,,
13,107049,,0.00017670486704446375,,
13,107099,,0.0027689903508871794,,
13,107149,,0.00017277886217925698,,
13,107199,,0.00010473781730979681,,
13,107249,,0.0005799639038741589,,
13,107299,,0.0007600061944685876,,
13,107349,,0.0002911411866080016,,
13,107399,,0.0006740314420312643,,
13,107449,,0.0005128939519636333,,
13,107499,,0.0002957603137474507,,
13,107549,,0.0001486836263211444,,
13,107599,,0.0001709387288428843,,
13,107649,,0.0011552502401173115,,
13,107699,,0.00013860559556633234,,
13,107749,,0.00033664118382148445,,
13,107799,,0.00023514381609857082,,
13,107849,,0.00030991577659733593,,
13,107899,,0.0009561930783092976,,
13,107949,,0.0004786817589774728,,
13,107999,,0.00025675963843241334,,
13,108049,,0.00034536936436779797,,
13,108099,,0.0008751440327614546,,
13,108149,,0.0002524468582123518,,
13,108199,,0.0005129874916747212,,
13,108249,,0.00020074313215445727,,
13,108299,,0.000260862143477425,,
13,108349,,0.0004235633823554963,,
13,108399,,0.0005242720362730324,,
13,108449,,0.0002619838051032275,,
13,108499,,0.00032629843917675316,,
13,108549,,0.0005122963921166956,,
13,108599,,0.0001485255197621882,,
13,108649,,0.00015636299212928861,,
13,108699,,0.00024544948246330023,,
13,108749,,0.00023581029381603003,,
13,108799,,0.00037203633110038936,,
13,108849,,0.00048442979459650815,,
13,108899,,0.00015423214063048363,,
13,108949,,0.0001004434161586687,,
13,108999,,0.0005699276807717979,,
13,109049,,0.0009772840421646833,,
13,109099,,0.00029184838058426976,,
13,109149,,0.00018455345707479864,,
13,109199,,0.00039964279858395457,,
13,109249,,0.0007506684632971883,,
13,109299,,0.0002202194882556796,,
13,109349,,0.00017386344552505761,,
13,109399,,0.0015596445882692933,,
13,109449,,0.00036911282222718,,
13,109499,,0.00034987597609870136,,
13,109549,,0.000500305206514895,,
13,109599,,0.000948805536609143,,
13,109649,,0.0017649242654442787,,
13,109699,,0.003368251956999302,,
13,109749,,0.00023179317940957844,,
13,109799,,0.00017795010353438556,,
13,109849,,0.0002839257940649986,,
13,109899,,0.0002776033943518996,,
13,109949,,0.00015774485655128956,,
13,109999,,0.00023846287513151765,,
13,110049,,0.0016128954011946917,,
13,110099,,0.00032808241667225957,,
13,110149,,0.00027393095660954714,,
13,110199,,0.00010165897401748225,,
13,110249,,8.175545372068882e-05,,
13,110299,,0.0005032685003243387,,
13,110349,,8.69688083184883e-05,,
13,110399,,0.0002860001113731414,,
13,110449,,0.00010126552660949528,,
13,110499,,0.00020396510080900043,,
13,110549,,0.00017439198563806713,,
13,110599,,0.0002163963217753917,,
13,110649,,0.00029261299641802907,,
13,110699,,0.0013168195728212595,,
13,110749,,0.00022399597219191492,,
13,110799,,0.00041542723192833364,,
13,110849,,0.0002544342714827508,,
13,110899,,0.0004616734804585576,,
13,110949,,0.00018910349172074348,,
13,110999,,0.000713316781911999,,
13,111049,,0.00036460463888943195,,
13,111099,,0.0003321942931506783,,
13,111149,,0.00024301093071699142,,
13,111199,,0.00022633025946561247,,
13,111249,,0.0002851026365533471,,
13,111299,,0.00013682976714335382,,
13,111349,,0.0002605621120892465,,
13,111399,,0.00019355639233253896,,
13,111449,,0.0003650417202152312,,
13,111499,,0.00026632408844307065,,
13,111549,,0.00032030598958954215,,
13,111599,,0.0002209523372584954,,
13,111649,,0.00023127823078539222,,
13,111699,,0.00015964428894221783,,
13,111749,,0.00011822147644124925,,
13,111799,,0.00041386164957657456,,
13,111849,,0.0002177678979933262,,
13,111899,,0.00039793315227143466,,
13,111949,,0.0005429122247733176,,
13,111999,,0.0003149968688376248,,
13,112049,,0.0005760890780948102,,
13,112099,,0.0006893954123370349,,
13,112149,,0.004230630584061146,,
13,112199,,0.00019542501831892878,,
13,112249,,0.0006086903158575296,,
13,112299,,0.00018617355090100318,,
13,112349,,0.00033298193011432886,,
13,112399,,0.0007837830344215035,,
13,112449,,0.0006588402320630848,,
13,112499,,0.00023835443425923586,,
13,112549,,0.0001431149139534682,,
13,112599,,0.001151284552179277,,
13,112649,,0.00013305395259521902,,
13,112699,,0.000201519564143382,,
13,112749,,0.0002840970118995756,,
13,112799,,0.00022891093976795673,,
13,112849,,0.000828374526463449,,
13,112899,,0.00046755620860494673,,
13,112949,,0.0014350742567330599,,
13,112999,,0.00014058964734431356,,
13,113049,,0.0005477119702845812,,
13,113099,,0.0017221028683707118,,
13,113149,,0.0007620223914273083,,
13,113199,,0.0002247729426017031,,
13,113249,,0.0014144264860078692,,
13,113299,,0.0002921548730228096,,
13,113349,,0.0004756718117278069,,
13,113399,,0.00024550341186113656,,
13,113449,,0.00025450417888350785,,
13,113499,,0.0005285998922772706,,
13,113549,,0.00011707145313266665,,
13,113599,,0.0009895090479403734,,
13,113649,,0.0001105709234252572,,
13,113699,,0.0007890232955105603,,
13,113749,,0.0007332775858230889,,
13,113777,,,0.0006075643468648195,0.0006075643468648195
13,113777,0.0005783333908766508,,,
14,113799,,0.0001187455200124532,,
14,113849,,9.318951924797148e-05,,
14,113899,,0.00020670935919042677,,
14,113949,,0.00017782121722120792,,
14,113999,,0.002404490951448679,,
14,114049,,0.0001776421268004924,,
14,114099,,0.00016623576811980456,,
14,114149,,0.00037156304460950196,,
14,114199,,0.0002656877913977951,,
14,114249,,0.00026670185616239905,,
14,114299,,0.00027614517603069544,,
14,114349,,0.0003328468301333487,,
14,114399,,0.0006565223447978497,,
14,114449,,0.0010633666533976793,,
14,114499,,0.0002341154176974669,,
14,114549,,0.0002520388225093484,,
14,114599,,0.0011104780714958906,,
14,114649,,0.0007474931189790368,,
14,114699,,0.00017599872080609202,,
14,114749,,0.001775897340849042,,
14,114799,,0.000942541635595262,,
14,114849,,0.006894885562360287,,
14,114899,,0.00031212286558002234,,
14,114949,,0.000991729786619544,,
14,114999,,0.0002482430136296898,,
14,115049,,0.00019805386546067894,,
14,115099,,0.00021138436568435282,,
14,115149,,0.0009796962840482593,,
14,115199,,0.00011057594383601099,,
14,115249,,0.00014016804925631732,,
14,115299,,9.883258462650701e-05,,
14,115349,,0.00013570314331445843,,
14,115399,,0.00029507800354622304,,
14,115449,,0.000183264899533242,,
14,115499,,0.00011724696378223598,,
14,115549,,0.0001748932700138539,,
14,115599,,0.00017345491505693644,,
14,115649,,0.00016851857071742415,,
14,115699,,0.00012688669085036963,,
14,115749,,0.000328117428580299,,
14,115799,,0.0002056878583971411,,
14,115849,,0.000485574419144541,,
14,115899,,0.001549825188703835,,
14,115949,,0.0003161101776640862,,
14,115999,,0.0006066791247576475,,
14,116049,,0.0019826784264296293,,
14,116099,,0.00018832951900549233,,
14,116149,,0.0006937123835086823,,
14,116199,,0.00021666237444151193,,
14,116249,,0.00014796074538026005,,
14,116299,,0.0003844758030027151,,
14,116349,,0.00012235793110448867,,
14,116399,,0.00038725632475689054,,
14,116449,,0.001078090281225741,,
14,116499,,0.0008284627692773938,,
14,116549,,0.000550037482753396,,
14,116599,,0.00022126549447420985,,
14,116649,,0.0004738889983855188,,
14,116699,,0.00046189353452064097,,
14,116749,,0.00014023738913238049,,
14,116799,,0.0008045478025451303,,
14,116849,,0.0004820115864276886,,
14,116899,,0.0011722032213583589,,
14,116949,,0.0011444282718002796,,
14,116999,,0.0016452576965093613,,
14,117049,,0.00021670771820936352,,
14,117099,,0.0004968418506905437,,
14,117149,,0.00025572560844011605,,
14,117199,,0.0007466592360287905,,
14,117249,,0.00014100060798227787,,
14,117299,,0.000370347173884511,,
14,117349,,0.0002858853549696505,,
14,117399,,0.0008073426433838904,,
14,117449,,0.00031162568484432995,,
14,117499,,0.00012110875832149759,,
14,117549,,0.0002143381570931524,,
14,117599,,0.001465864246711135,,
14,117649,,0.00019187736324965954,,
14,117699,,0.000197041968931444,,
14,117749,,0.0006492625689134002,,
14,117799,,0.00068671815097332,,
14,117849,,0.0002905134460888803,,
14,117899,,0.0005019371747039258,,
14,117949,,0.0003489666851237416,,
14,117999,,0.00013606558786705136,,
14,118049,,0.00024051612126640975,,
14,118099,,0.004205220378935337,,
14,118149,,0.000504339870531112,,
14,118199,,0.0007102203671820462,,
14,118249,,0.0005499881226569414,,
14,118299,,0.00045456463703885674,,
14,118349,,0.00018160913896281272,,
14,118399,,0.0001681289286352694,,
14,118449,,0.0001369053206872195,,
14,118499,,0.00022679026005789638,,
14,118549,,0.00032868090784177184,,
14,118599,,0.0003435357939451933,,
14,118649,,0.0007143992697820067,,
14,118699,,0.001234301133081317,,
14,118749,,0.0001379229361191392,,
14,118799,,0.000758351874537766,,
14,118849,,0.002089481567963958,,
14,118899,,0.00023483434051740915,,
14,118949,,0.001101106172427535,,
14,118999,,0.00016297231195494533,,
14,119049,,0.00038234639214351773,,
14,119099,,0.00029384400113485754,,
14,119149,,0.00021738623036071658,,
14,119199,,0.00037695866194553673,,
14,119249,,0.00015945055929478258,,
14,119299,,0.00019079279445577413,,
14,119349,,0.0006372944917529821,,
14,119399,,0.0008969379123300314,,
14,119449,,0.00033240526681765914,,
14,119499,,0.00034617737401276827,,
14,119549,,8.787681872490793e-05,,
14,119599,,0.00034964134101755917,,
14,119649,,0.0003086752840317786,,
14,119699,,0.00024631136329844594,,
14,119749,,0.0002320479543413967,,
14,119799,,0.00019630971655715257,,
14,119849,,0.0003188985865563154,,
14,119899,,0.0004594347847159952,,
14,119949,,0.00027643085923045874,,
14,119999,,0.0012030943762511015,,
14,120049,,0.00045127366320230067,,
14,120099,,0.0006761814001947641,,
14,120149,,0.00010375193960499018,,
14,120199,,0.00015787724987603724,,
14,120249,,0.0002460943069308996,,
14,120299,,0.0006012676167301834,,
14,120349,,0.0018991121323779225,,
14,120399,,0.00031795731047168374,,
14,120449,,0.0013601563405245543,,
14,120499,,0.00028590334113687277,,
14,120549,,0.00036765349796041846,,
14,120599,,0.00028019610908813775,,
14,120649,,0.00019465469813439995,,
14,120699,,0.00015906343469396234,,
14,120749,,0.00023079880338627845,,
14,120799,,0.00039674161234870553,,
14,120849,,0.00020806456450372934,,
14,120899,,0.00029609131161123514,,
14,120949,,0.0003508673398755491,,
14,120999,,9.228058479493484e-05,,
14,121049,,0.00035985844442620873,,
14,121099,,0.0003610505082178861,,
14,121149,,0.0003643251257017255,,
14,121199,,0.0002485261647962034,,
14,121249,,0.00033183657797053456,,
14,121299,,0.00013521856453735381,,
14,121349,,0.002617340534925461,,
14,121399,,0.0004025495727546513,,
14,121449,,0.0002950509951915592,,
14,121499,,0.00022779351274948567,,
14,121549,,0.0009068064973689616,,
14,121599,,0.0004939842619933188,,
14,121649,,0.00019618021906353533,,
14,121699,,0.00017634889809414744,,
14,121749,,0.0002317742764716968,,
14,121799,,0.00025929787079803646,,
14,121849,,0.0021817602682858706,,
14,121899,,0.00014950254990253597,,
14,121904,,,0.0006074809934943914,0.0006074809934943914
14,121904,0.0005628734361380339,,,
15,121949,,0.0003355864027980715,,
15,121999,,0.0005935828667134047,,
15,122049,,0.00020846305415034294,,
15,122099,,0.00026994184008799493,,
15,122149,,0.0002590476651675999,,
15,122199,,0.0001447183603886515,,
15,122249,,0.00042393343755975366,,
15,122299,,0.00024248080444522202,,
15,122349,,0.0001830605324357748,,
15,122399,,0.00015168172831181437,,
15,122449,,0.0034336799290031195,,
15,122499,,0.00017624507017899305,,
15,122549,,0.0005598808638751507,,
15,122599,,0.0001622788404347375,,
15,122649,,0.005284442100673914,,
15,122699,,0.00019835798593703657,,
15,122749,,0.0002591803204268217,,
15,122799,,0.0002591207157820463,,
15,122849,,8.999975398182869e-05,,
15,122899,,0.0002954490773845464,,
15,122949,,0.0003396743559278548,,
15,122999,,0.0002747701946645975,,
15,123049,,0.00010283610026817769,,
15,123099,,0.00043447769712656736,,
15,123149,,0.00024302891688421369,,
15,123199,,0.00015431499923579395,,
15,123249,,0.00019627850269898772,,
15,123299,,0.0003879842406604439,,
15,123349,,0.0011056954972445965,,
15,123399,,0.00015916029224172235,,
15,123449,,0.0006124955252744257,,
15,123499,,0.00020863492682110518,,
15,123549,,0.0004212831554468721,,
15,123599,,0.0001735030091367662,,
15,123649,,0.0006895834812894464,,
15,123699,,0.00017720178584568202,,
15,123749,,0.000636489421594888,,
15,123799,,0.001094218110665679,,
15,123849,,0.0002347859990550205,,
15,123899,,0.00011942852142965421,,
15,123949,,0.00017277337610721588,,
15,123999,,0.00028697444940917194,,
15,124049,,0.0007655356312170625,,
15,124099,,0.0004862640053033829,,
15,124149,,0.0061174072325229645,,
15,124199,,0.00014703685883432627,,
15,124249,,0.0011059250682592392,,
15,124299,,0.00025901116896420717,,
15,124349,,0.00142487115226686,,
15,124399,,0.00020655182015616447,,
15,124449,,0.0004434257571119815,,
15,124499,,0.0013404377968981862,,
15,124549,,0.0001473975135013461,,
15,124599,,0.001311386818997562,,
15,124649,,0.000946576299611479,,
15,124699,,0.001658309018239379,,
15,124749,,0.00015802058624103665,,
15,124799,,0.00018136801372747868,,
15,124849,,0.00023832656734157354,,
15,124899,,0.0009831993374973536,,
15,124949,,0.000647842010948807,,
15,124999,,0.00029190839268267155,,
15,125049,,0.00042137212585657835,,
15,125099,,0.00014915422070771456,,
15,125149,,0.0015189778059720993,,
15,125199,,0.0004665817250497639,,
15,125249,,0.0003483460459392518,,
15,125299,,0.0005065195728093386,,
15,125349,,0.0002065843145828694,,
15,125399,,0.0004593491612467915,,
15,125449,,0.00020988671167287976,,
15,125499,,0.00016015433357097208,,
15,125549,,0.0002263399655930698,,
15,125599,,0.00035845066304318607,,
15,125649,,0.00016243517166003585,,
15,125699,,0.00018294953042641282,,
15,125749,,0.00026401819195598364,,
15,125799,,0.0006863510934635997,,
15,125849,,0.0006147106178104877,,
15,125899,,0.00020125243463553488,,
15,125949,,0.00011986007302766666,,
15,125999,,0.000339464662829414,,
15,126049,,0.0011271537514403462,,
15,126099,,0.00011807926784968004,,
15,126149,,0.0005423465627245605,,
15,126199,,0.0017143797595053911,,
15,126249,,0.00012726386194117367,,
15,126299,,0.0001836121518863365,,
15,126349,,0.00031918074819259346,,
15,126399,,0.00021260629000607878,,
15,126449,,0.0005688079399988055,,
15,126499,,0.000613827258348465,,
15,126549,,0.00023496983340010047,,
15,126599,,0.0004942258819937706,,
15,126649,,0.00010222360288025811,,
15,126699,,0.00021921200095675886,,
15,126749,,0.007954047061502934,,
15,126799,,0.00014253667904995382,,
15,126849,,0.0004204929282423109,,
15,126899,,0.0001363686315016821,,
15,126949,,0.0008498470415361226,,
15,126999,,0.00070117850555107,,
15,127049,,0.0013379753800109029,,
15,127099,,0.0003227809793315828,,
15,127149,,0.00017415537149645388,,
15,127199,,0.0003883385215885937,,
15,127249,,0.00012390263145789504,,
15,127299,,0.00043831428047269583,,
15,127349,,0.0001511935261078179,,
15,127399,,0.00030888302717357874,,
15,127449,,0.0001257928815903142,,
15,127499,,0.00024355071946047246,,
15,127549,,0.0003259973309468478,,
15,127599,,0.0002626442874316126,,
15,127649,,0.00011341105710016564,,
15,127699,,0.000189620754099451,,
15,127749,,0.0021098798606544733,,
15,127799,,0.001113003003410995,,
15,127849,,0.0002941286365967244,,
15,127899,,0.00017371481226291507,,
15,127949,,0.0005047790473327041,,
15,127999,,0.0022085660602897406,,
15,128049,,0.00044013283331878483,,
15,128099,,0.0010780738666653633,,
15,128149,,0.0003146858944091946,,
15,128199,,0.0003068714577239007,,
15,128249,,0.00010828433732967824,,
15,128299,,0.00019000280008185655,,
15,128349,,0.0008801214280538261,,
15,128399,,0.0004197962989564985,,
15,128449,,0.00039084808668121696,,
15,128499,,0.00018629142141435295,,
15,128549,,7.383395859505981e-05,,
15,128599,,0.0003107201191596687,,
15,128649,,0.0003545065992511809,,
15,128699,,0.0002889473980758339,,
15,128749,,0.0002863476693164557,,
15,128799,,0.00015577921294607222,,
15,128849,,0.0015877102268859744,,
15,128899,,0.00022218744561541826,,
15,128949,,0.0004276521212887019,,
15,128999,,0.00013165496056899428,,
15,129049,,0.00014236703282222152,,
15,129099,,0.0001644187286728993,,
15,129149,,0.00041984362178482115,,
15,129199,,0.0003006138140335679,,
15,129249,,0.00020569292246364057,,
15,129299,,0.002122074831277132,,
15,129349,,0.0002163153258152306,,
15,129399,,0.00032701072632335126,,
15,129449,,0.0002467665181029588,,
15,129499,,0.0003896743291988969,,
15,129549,,0.00023703352781012654,,
15,129599,,0.0001825680083129555,,
15,129649,,0.0002876973303500563,,
15,129699,,0.0006103804334998131,,
15,129749,,0.0005930304178036749,,
15,129799,,0.0006006243638694286,,
15,129849,,0.00020372617291286588,,
15,129899,,0.0004403006169013679,,
15,129949,,0.0029715425334870815,,
15,129999,,0.00042506965110078454,,
15,130031,,,0.0005855737254023552,0.0005855737254023552
15,130031,0.0005445356364361942,,,
16,130049,,0.001179232494905591,,
16,130099,,0.000333849573507905,,
16,130149,,0.00015797986998222768,,
16,130199,,0.0004416347364895046,,
16,130249,,0.00011790984717663378,,
16,130299,,0.00014370113785844296,,
16,130349,,0.00020901348034385592,,
16,130399,,0.00015362097474280745,,
16,130449,,0.00013067918189335614,,
16,130499,,0.0009636524482630193,,
16,130549,,0.00017689091328065842,,
16,130599,,0.00014052957703825086,,
16,130649,,0.0022834762930870056,,
16,130699,,0.0008621229790151119,,
16,130749,,0.00011544734297785908,,
16,130799,,0.0007955282344482839,,
16,130849,,0.0016195654170587659,,
16,130899,,0.0013674277579411864,,
16,130949,,0.00022567545238416642,,
16,130999,,0.00013936673349235207,,
16,131049,,0.00025382370222359896,,
16,131099,,0.0007964541437104344,,
16,131149,,0.00016131740994751453,,
16,131199,,0.0004319111758377403,,
16,131249,,0.000215017149457708,,
16,131299,,0.0027228863909840584,,
16,131349,,0.00015994634304661304,,
16,131399,,0.00032012860174290836,,
16,131449,,0.0007099671638570726,,
16,131499,,0.00037162742228247225,,
16,131549,,0.00011532176722539589,,
16,131599,,0.0003090510726906359,,
16,131649,,0.0003385516756679863,,
16,131699,,0.00042013428173959255,,
16,131749,,0.00039406210999004543,,
16,131799,,0.0007965144468471408,,
16,131849,,0.00012926229101140052,,
16,131899,,0.0002685417712200433,,
16,131949,,0.00012825509475078434,,
16,131999,,0.004277474246919155,,
16,132049,,0.00013079156633466482,,
16,132099,,0.0003297703806310892,,
16,132149,,0.00026675371918827295,,
16,132199,,0.0005762943183071911,,
16,132249,,0.0003840006538666785,,
16,132299,,0.0002264576032757759,,
16,132349,,0.00011637592251645401,,
16,132399,,0.00048223917838186026,,
16,132449,,0.0001652042119530961,,
16,132499,,0.00032382248900830746,,
16,132549,,0.00020828080596402287,,
16,132599,,0.00018084511975757778,,
16,132649,,0.0001371194375678897,,
16,132699,,0.0004462564829736948,,
16,132749,,0.00016469288675580174,,
16,132799,,0.0005709421820938587,,
16,132849,,0.0004468594561330974,,
16,132899,,0.0008457084186375141,,
16,132949,,0.00027338694781064987,,
16,132999,,0.0002503948344383389,,
16,133049,,0.0003845201572403312,,
16,133099,,0.00013135997869540006,,
16,133149,,0.0007356172427535057,,
16,133199,,0.00019479429465718567,,
16,133249,,0.0006169873522594571,,
16,133299,,0.000301236636005342,,
16,133349,,0.00015548529336228967,,
16,133399,,0.00023351461277343333,,
16,133449,,0.0002494199725333601,,
16,133499,,0.0003063808544538915,,
16,133549,,0.00019289333431515843,,
16,133599,,0.00010822633339557797,,
16,133649,,0.0005428505246527493,,
16,133699,,0.00015464735042769462,,
16,133749,,0.00012152898125350475,,
16,133799,,0.00013043536455370486,,
16,133849,,9.456994303036481e-05,,
16,133899,,0.000341756094712764,,
16,133949,,0.0003915468114428222,,
16,133999,,0.0018802613485604525,,
16,134049,,0.00026010224246419966,,
16,134099,,0.00011062316480092704,,
16,134149,,0.000237758518778719,,
16,134199,,0.0008991698850877583,,
16,134249,,0.00020294652495067567,,
16,134299,,0.0002574821701273322,,
16,134349,,0.0003895855916198343,,
16,134399,,0.0005563224549405277,,
16,134449,,0.0013544113608077168,,
16,134499,,9.77029194473289e-05,,
16,134549,,0.0015935857081785798,,
16,134599,,0.0004178058879915625,,
16,134649,,0.0007340938900597394,,
16,134699,,9.95947775663808e-05,,
16,134749,,0.0004179372335784137,,
16,134799,,0.00011410846491344273,,
16,134849,,0.0024687349796295166,,
16,134899,,0.0003173711593262851,,
16,134949,,0.00015515583800151944,,
16,134999,,0.00023852300364524126,,
16,135049,,0.0008087713504210114,,
16,135099,,0.00018795682990457863,,
16,135149,,0.0001830344699556008,,
16,135199,,0.001441963599063456,,
16,135249,,0.00011561087740119547,,
16,135299,,0.0003264003316871822,,
16,135349,,0.00021754411864094436,,
16,135399,,0.00030227290699258447,,
16,135449,,0.000117848816444166,,
16,135499,,0.00044928555143997073,,
16,135549,,0.00044904122478328645,,
16,135599,,9.240580402547494e-05,,
16,135649,,0.00012898801651317626,,
16,135699,,0.0001671776408329606,,
16,135749,,0.00015529424126725644,,
16,135799,,6.690080772386864e-05,,
16,135849,,0.00025539222406223416,,
16,135899,,0.0007016713498160243,,
16,135949,,0.000267676601652056,,
16,135999,,0.00047546421410515904,,
16,136049,,0.0005599224241450429,,
16,136099,,0.0003078519948758185,,
16,136149,,0.00043552566785365343,,
16,136199,,0.0007788336370140314,,
16,136249,,0.00014731340343132615,,
16,136299,,0.00030127185164019465,,
16,136349,,0.0028867425862699747,,
16,136399,,0.0006260208319872618,,
16,136449,,0.0007116914493963122,,
16,136499,,0.002784240758046508,,
16,136549,,0.00012174573930678889,,
16,136599,,0.0003748516028281301,,
16,136649,,0.0002870851312763989,,
16,136699,,8.05227828095667e-05,,
16,136749,,0.00035041014780290425,,
16,136799,,0.00025555334286764264,,
16,136849,,0.0002811619488056749,,
16,136899,,0.0009874774841591716,,
16,136949,,0.0016401526518166065,,
16,136999,,0.0006455997936427593,,
16,137049,,0.0003886199847329408,,
16,137099,,0.0001994829799514264,,
16,137149,,0.0003838867414742708,,
16,137199,,0.00044083414832130075,,
16,137249,,0.0003402132715564221,,
16,137299,,0.00014224607730284333,,
16,137349,,0.00013434900029096752,,
16,137399,,0.00021461570577230304,,
16,137449,,9.558775491314009e-05,,
16,137499,,0.0012619092594832182,,
16,137549,,0.00016970325668808073,,
16,137599,,0.0007764109177514911,,
16,137649,,0.000126131548313424,,
16,137699,,0.002566414652392268,,
16,137749,,7.413773710140958e-05,,
16,137799,,0.00010822762851603329,,
16,137849,,7.993380859261379e-05,,
16,137899,,0.00023774760484229773,,
16,137949,,0.002211644547060132,,
16,137999,,0.002386413048952818,,
16,138049,,0.00042454025242477655,,
16,138099,,0.000657245924230665,,
16,138149,,0.0009445030009374022,,
16,138158,,,0.0006263638497330248,0.0006263638497330248
16,138158,0.0005301408236846328,,,
17,138199,,0.00016681174747645855,,
17,138249,,0.0001187219750136137,,
17,138299,,0.00010555267363088205,,
17,138349,,0.00017139538249466568,,
17,138399,,0.00031926791416481137,,
17,138449,,0.0001146130744018592,,
17,138499,,0.00013691042840946466,,
17,138549,,0.00028827518690377474,,
17,138599,,0.0002190441737184301,,
17,138649,,0.00015655696915928274,,
17,138699,,0.0009984856005758047,,
17,138749,,0.00025796249974519014,,
17,138799,,0.00079760403605178,,
17,138849,,0.0001541085512144491,,
17,138899,,0.00018411203927826136,,
17,138949,,9.668739221524447e-05,,
17,138999,,0.0003384914016351104,,
17,139049,,0.00015480404545087367,,
17,139099,,0.0023668024223297834,,
17,139149,,0.00023890558804851025,,
17,139199,,0.0002152180823031813,,
17,139249,,0.0003002389275934547,,
17,139299,,0.00019827677169814706,,
17,139349,,0.00048719157348386943,,
17,139399,,0.0002004773705266416,,
17,139449,,0.0026251033414155245,,
17,139499,,0.0006159448530524969,,
17,139549,,0.00017629559442866594,,
17,139599,,0.00019378516299184412,,
17,139649,,6.064372428227216e-05,,
17,139699,,0.0007537771016359329,,
17,139749,,0.00028206626302562654,,
17,139799,,0.0010176404612138867,,
17,139849,,0.0002777618356049061,,
17,139899,,0.0002465986181050539,,
17,139949,,0.00024405826115980744,,
17,139999,,0.0005350311985239387,,
17,140049,,0.00011905186693184078,,
17,140099,,0.0005933521315455437,,
17,140149,,0.00017173054220620543,,
17,140199,,0.00019086292013525963,,
17,140249,,0.0006258281064219773,,
17,140299,,0.0002710821572691202,,
17,140349,,0.0016241664998233318,,
17,140399,,0.0001445881207473576,,
17,140449,,0.0010836874134838581,,
17,140499,,0.0003729320887941867,,
17,140549,,0.0003379574336577207,,
17,140599,,0.00030985623016022146,,
17,140649,,0.00010452850256115198,,
17,140699,,0.0001338654983555898,,
17,140749,,0.0002473171625752002,,
17,140799,,0.0005965691525489092,,
17,140849,,0.00046886925701983273,,
17,140899,,0.0003256998024880886,,
17,140949,,0.0001612906635273248,,
17,140999,,0.0005778631311841309,,
17,141049,,0.00021488856873475015,,
17,141099,,0.0014267504448071122,,
17,141149,,0.0005406864802353084,,
17,141199,,0.00024269077403005213,,
17,141249,,0.000181136914761737,,
17,141299,,0.0002923710853792727,,
17,141349,,9.321139077655971e-05,,
17,141399,,0.00011500428809085861,,
17,141449,,0.000667818239890039,,
17,141499,,0.0013289650669321418,,
17,141549,,0.00015286338748410344,,
17,141599,,0.00044375224388204515,,
17,141649,,0.001114614773541689,,
17,141699,,0.000500862835906446,,
17,141749,,0.00015220318164210767,,
17,141799,,0.0013780654408037663,,
17,141849,,0.00015066460764501244,,
17,141899,,0.0001994913473026827,,
17,141949,,0.00011172154336236417,,
17,141999,,0.00044640235137194395,,
17,142049,,0.00031164081883616745,,
17,142099,,0.00015217407781165093,,
17,142149,,0.0002127560874214396,,
17,142199,,0.00013739113637711853,,
17,142249,,0.000616512494161725,,
17,142299,,0.00013275571109261364,,
17,142349,,0.00019957938638981432,,
17,142399,,9.019302524393424e-05,,
17,142449,,0.0010474174050614238,,
17,142499,,0.0011817989870905876,,
17,142549,,0.00020629384380299598,,
17,142599,,0.0006017694831825793,,
17,142649,,0.0001484151289332658,,
17,142699,,0.00011852126044686884,,
17,142749,,0.00045204386697150767,,
17,142799,,0.0012268426362425089,,
17,142849,,0.0001596252986928448,,
17,142899,,0.0005182894528843462,,
17,142949,,0.00013075352762825787,,
17,142999,,0.00026008408167399466,,
17,143049,,0.00012185556261101738,,
17,143099,,0.0012358295498415828,,
17,143149,,0.00024048288469202816,,
17,143199,,0.00025621792883612216,,
17,143249,,0.0025696244556456804,,
17,143299,,0.0008167056948877871,,
17,143349,,0.00029400346102193,,
17,143399,,0.0002282951754750684,,
17,143449,,6.0942322306800634e-05,,
17,143499,,0.00027921574655920267,,
17,143549,,0.00014249225205276161,,
17,143599,,0.0003289732849225402,,
17,143649,,0.000143970682984218,,
17,143699,,0.00027221234631724656,,
17,143749,,0.0003082200128119439,,
17,143799,,0.0024838787503540516,,
17,143849,,4.1682473238324746e-05,,
17,143899,,0.000334618758643046,,
17,143949,,0.0001072163722710684,,
17,143999,,0.0009382584830746055,,
17,144049,,0.00021716106857638806,,
17,144099,,0.000521647569257766,,
17,144149,,0.0002643670013640076,,
17,144199,,0.0003744002606254071,,
17,144249,,6.801026029279456e-05,,
17,144299,,0.0010375999845564365,,
17,144349,,0.00043984141666442156,,
17,144399,,0.00023230072110891342,,
17,144449,,0.00018224412633571774,,
17,144499,,0.0014705186476930976,,
17,144549,,0.0007092125597409904,,
17,144599,,0.0002653206465765834,,
17,144649,,0.00012273008178453892,,
17,144699,,0.000490068516228348,,
17,144749,,7.985699630808085e-05,,
17,144799,,0.0011008190922439098,,
17,144849,,0.000360802368959412,,
17,144899,,0.00038460944779217243,,
17,144949,,0.0001735230762278661,,
17,144999,,0.00011289391113677993,,
17,145049,,0.0015183930518105626,,
17,145099,,0.00019250070909038186,,
17,145149,,0.00029562582494691014,,
17,145199,,0.0008564101881347597,,
17,145249,,0.00013289935304783285,,
17,145299,,0.00021328192087821662,,
17,145349,,0.00017052554176189005,,
17,145399,,0.00024584453785791993,,
17,145449,,0.0001822314370656386,,
17,145499,,0.0005474318168126047,,
17,145549,,0.00020292372209951282,,
17,145599,,0.0002502043207641691,,
17,145649,,0.00018577171431388706,,
17,145699,,0.0011863443069159985,,
17,145749,,0.0002174526744056493,,
17,145799,,0.00014501521945931017,,
17,145849,,0.0001637598470551893,,
17,145899,,0.00025257718516513705,,
17,145949,,0.00020385342941153795,,
17,145999,,0.0017078642267733812,,
17,146049,,0.00020780001068487763,,
17,146099,,0.0005226135835982859,,
17,146149,,0.0016337470151484013,,
17,146199,,0.0004500835493672639,,
17,146249,,0.0004915439058095217,,
17,146285,,,0.0005895357462577522,0.0005895357462577522
17,146285,0.0005125266616232693,,,
18,146299,,0.00041839625919237733,,
18,146349,,0.00011758234904846177,,
18,146399,,0.00015874658129177988,,
18,146449,,0.0008406086126342416,,
18,146499,,0.00011058247036999092,,
18,146549,,0.0006776265799999237,,
18,146599,,0.0007156571955420077,,
18,146649,,0.0002835970662999898,,
18,146699,,0.0002664491184987128,,
18,146749,,0.0001515702169854194,,
18,146799,,0.000273049168754369,,
18,146849,,0.00015142862685024738,,
18,146899,,0.0002287133247591555,,
18,146949,,0.00018499405996408314,,
18,146999,,0.00020252190006431192,,
18,147049,,0.0004302923334762454,,
18,147099,,0.000353225419530645,,
18,147149,,0.000156554946443066,,
18,147199,,9.20946040423587e-05,,
18,147249,,0.00032824501977302134,,
18,147299,,0.00023025245172902942,,
18,147349,,0.003914468456059694,,
18,147399,,0.00022563444508705288,,
18,147449,,0.00019801703456323594,,
18,147499,,0.0012343168491497636,,
18,147549,,0.0008365549147129059,,
18,147599,,0.004103020299226046,,
18,147649,,0.0002696106967050582,,
18,147699,,0.00023536753724329174,,
18,147749,,0.00021485707839019597,,
18,147799,,0.0007326419581659138,,
18,147849,,0.0003244722611270845,,
18,147899,,0.001161916763521731,,
18,147949,,0.00011733452993212268,,
18,147999,,0.0003986182273365557,,
18,148049,,0.000679084041621536,,
18,148099,,9.747379226610065e-05,,
18,148149,,0.00014089405885897577,,
18,148199,,6.133394344942644e-05,,
18,148249,,0.00015254411846399307,,
18,148299,,0.00018187667592428625,,
18,148349,,0.0019287553150206804,,
18,148399,,0.00016357730783056468,,
18,148449,,0.00019424071069806814,,
18,148499,,0.000799227855168283,,
18,148549,,0.0001224348379764706,,
18,148599,,0.00040812123916111887,,
18,148649,,0.0005582274170592427,,
18,148699,,0.0002107187465298921,,
18,148749,,0.000308372313156724,,
18,148799,,0.0004145904676988721,,
18,148849,,0.00015078441356308758,,
18,148899,,0.00036293957964517176,,
18,148949,,0.0001574657653691247,,
18,148999,,0.0002522690047044307,,
18,149049,,0.0008864018600434065,,
18,149099,,0.0006364223663695157,,
18,149149,,0.0010600968962535262,,
18,149199,,0.00015165092190727592,,
18,149249,,0.0015969445230439305,,
18,149299,,0.0012943529291078448,,
18,149349,,0.00022845753119327128,,
18,149399,,0.0002120287244906649,,
18,149449,,0.00022127741249278188,,
18,149499,,0.0002367271517869085,,
18,149549,,0.00013576123456005007,,
18,149599,,0.0010865057120099664,,
18,149649,,0.00014987534086685628,,
18,149699,,0.0002757392649073154,,
18,149749,,0.00015413954679388553,,
18,149799,,0.00030472493381239474,,
18,149849,,0.00022165478731039912,,
18,149899,,0.0002670885587576777,,
18,149949,,0.0003853374801110476,,
18,149999,,7.035851012915373e-05,,
18,150049,,0.0002635770943015814,,
18,150099,,0.0009498803992755711,,
18,150149,,0.0017088232561945915,,
18,150199,,0.0004676614189520478,,
18,150249,,9.568084351485595e-05,,
18,150299,,0.0001625669392524287,,
18,150349,,0.002767131896689534,,
18,150399,,0.000729877152480185,,
18,150449,,0.00012832200445700437,,
18,150499,,0.005038965027779341,,
18,150549,,0.00038343656342476606,,
18,150599,,0.00021763771655969322,,
18,150649,,0.009912007488310337,,
18,150699,,0.00022284667647909373,,
18,150749,,0.0002757069596555084,,
18,150799,,0.0002847858995664865,,
18,150849,,0.00017238580039702356,,
18,150899,,0.00019064602383878082,,
18,150949,,0.00030772548052482307,,
18,150999,,0.00012627609248738736,,
18,151049,,0.0013794777914881706,,
18,151099,,0.0008398830541409552,,
18,151149,,0.00015559233725070953,,
18,151199,,0.0027244831435382366,,
18,151249,,0.00013280918938107789,,
18,151299,,0.0016869265818968415,,
18,151349,,0.00016774365212768316,,
18,151399,,0.00022989696299191564,,
18,151449,,0.0009507177164778113,,
18,151499,,0.0001050957798724994,,
18,151549,,0.00017153460066765547,,
18,151599,,0.00013955170288681984,,
18,151649,,0.00015662515943404287,,
18,151699,,0.0001750582887325436,,
18,151749,,7.447050302289426e-05,,
18,151799,,0.00018071429803967476,,
18,151849,,0.00011251794057898223,,
18,151899,,0.006045821122825146,,
18,151949,,0.0002884670393541455,,
18,151999,,0.00024135004787240177,,
18,152049,,0.0002567897317931056,,
18,152099,,0.0003221339138690382,,
18,152149,,0.003428662195801735,,
18,152199,,0.00017173546075355262,,
18,152249,,0.0001339942100457847,,
18,152299,,0.0016252071363851428,,
18,152349,,0.0005325484089553356,,
18,152399,,0.00014043897681403905,,
18,152449,,0.0002097387914545834,,
18,152499,,0.00023659672297071666,,
18,152549,,0.0016048363177105784,,
18,152599,,0.0004315103287808597,,
18,152649,,6.90126689733006e-05,,
18,152699,,0.00043175785685889423,,
18,152749,,0.0005752980359829962,,
18,152799,,0.0001352221006527543,,
18,152849,,0.00014282867778092623,,
18,152899,,0.0002465271099936217,,
18,152949,,0.00010512612061575055,,
18,152999,,0.0002080546400975436,,
18,153049,,0.0003894480469170958,,
18,153099,,0.00017719154129736125,,
18,153149,,0.0007147982832975686,,
18,153199,,7.617910159751773e-05,,
18,153249,,0.00010982532694470137,,
18,153299,,0.0001425763766746968,,
18,153349,,0.0001303219178225845,,
18,153399,,0.0004038693441543728,,
18,153449,,9.549334208713844e-05,,
18,153499,,0.00019414452253840864,,
18,153549,,0.00018578369054012,,
18,153599,,0.0018348918529227376,,
18,153649,,0.00029942940454930067,,
18,153699,,0.0001754603290464729,,
18,153749,,0.0027653600554913282,,
18,153799,,0.0010938150808215141,,
18,153849,,0.0004853102145716548,,
18,153899,,0.00012331391917541623,,
18,153949,,0.000361660000635311,,
18,153999,,0.0005653437692672014,,
18,154049,,0.00017149678023997694,,
18,154099,,0.0008943263092078269,,
18,154149,,9.760641114553437e-05,,
18,154199,,0.00023638142738491297,,
18,154249,,0.00020853850583080202,,
18,154299,,0.00015475820691790432,,
18,154349,,0.00032102319528348744,,
18,154399,,0.00020212090748827904,,
18,154412,,,0.0006369297043420374,0.0006369297043420374
18,154412,0.0005013406043872237,,,
19,154449,,0.0002281391352880746,,
19,154499,,0.0001448139373678714,,
19,154549,,0.0001506725384388119,,
19,154599,,0.0002949917980004102,,
19,154649,,0.0001058147827279754,,
19,154699,,0.00040097234887070954,,
19,154749,,0.0007615289068780839,,
19,154799,,0.0001004540899884887,,
19,154849,,0.00010705418389989063,,
19,154899,,0.00046655285404995084,,
19,154949,,0.000273138313787058,,
19,154999,,0.00014810278662480414,,
19,155049,,0.00011210395314265043,,
19,155099,,0.003604948753491044,,
19,155149,,0.00013298567500896752,,
19,155199,,0.0003533126146066934,,
19,155249,,0.00018607274978421628,,
19,155299,,0.00017492508050054312,,
19,155349,,9.523496555630118e-05,,
19,155399,,0.0002582107554189861,,
19,155449,,0.00011549767077667639,,
19,155499,,0.00017921355902217329,,
19,155549,,0.000595784280449152,,
19,155599,,0.0021770501043647528,,
19,155649,,0.003596138209104538,,
19,155699,,0.0004225134616717696,,
19,155749,,0.00033276775502599776,,
19,155799,,0.0006909800576977432,,
19,155849,,0.00040422368329018354,,
19,155899,,0.00016625015996396542,,
19,155949,,0.00017461003153584898,,
19,155999,,0.004310438875108957,,
19,156049,,0.0007778608705848455,,
19,156099,,0.00026939521194435656,,
19,156149,,0.0004894580924883485,,
19,156199,,0.00010649636533344164,,
19,156249,,0.00044535318738780916,,
19,156299,,6.124241190264001e-05,,
19,156349,,0.0003831286740023643,,
19,156399,,0.00012355392391327769,,
19,156449,,0.00015720106603112072,,
19,156499,,0.00011796150647569448,,
19,156549,,0.00023047192371450365,,
19,156599,,0.0015705316327512264,,
19,156649,,0.0004392928385641426,,
19,156699,,0.00020518481323961169,,
19,156749,,8.74633333296515e-05,,
19,156799,,0.0019106758991256356,,
19,156849,,0.002386766020208597,,
19,156899,,0.00023428600979968905,,
19,156949,,0.0008483377750962973,,
19,156999,,0.0009448622586205602,,
19,157049,,0.0005343521479517221,,
19,157099,,0.0006808770122006536,,
19,157149,,0.0003132229030597955,,
19,157199,,0.00012044917821185663,,
19,157249,,0.00016822811448946595,,
19,157299,,0.004167262464761734,,
19,157349,,0.00010338174615753815,,
19,157399,,0.00021978768927510828,,
19,157449,,8.84249820956029e-05,,
19,157499,,0.00036510100471787155,,
19,157549,,0.0001607629528734833,,
19,157599,,0.0009474459220655262,,
19,157649,,0.00024799047969281673,,
19,157699,,0.00011560149141587317,,
19,157749,,0.00014509540051221848,,
19,157799,,0.00016246906307060272,,
19,157849,,0.0004205048899166286,,
19,157899,,0.0003505207132548094,,
19,157949,,6.957790174055845e-05,,
19,157999,,0.0001248558546649292,,
19,158049,,0.00011818529310403392,,
19,158099,,0.00046141428174450994,,
19,158149,,0.0002321059291716665,,
19,158199,,0.00044464258826337755,,
19,158249,,0.0001286784972762689,,
19,158299,,0.00021296470367815346,,
19,158349,,0.001006133621558547,,
19,158399,,0.0002571346121840179,,
19,158449,,0.00034061481710523367,,
19,158499,,0.00011007441935362294,,
19,158549,,0.0001255985116586089,,
19,158599,,7.188034214777872e-05,,
19,158649,,8.36234466987662e-05,,
19,158699,,0.0001249654742423445,,
19,158749,,0.00026506499852985144,,
19,158799,,0.0002637083816807717,,
19,158849,,0.00020405888790264726,,
19,158899,,0.0006045180489309132,,
19,158949,,7.262681174324825e-05,,
19,158999,,0.0014041042886674404,,
19,159049,,0.00038989674067124724,,
19,159099,,0.00012940460874233395,,
19,159149,,0.0005008580628782511,,
19,159199,,0.00307865790091455,,
19,159249,,0.00010873135033762082,,
19,159299,,0.00016317130939569324,,
19,159349,,0.00043568204273469746,,
19,159399,,0.0032737397123128176,,
19,159449,,0.0002560318971518427,,
19,159499,,0.00024708741693757474,,
19,159549,,0.00013354257680475712,,
19,159599,,0.0002227306249551475,,
19,159649,,0.00032085570273920894,,
19,159699,,0.00046550919068977237,,
19,159749,,0.0001196105222334154,,
19,159799,,0.00014542393910232931,,
19,159849,,0.0002246335643576458,,
19,159899,,0.00034977338509634137,,
19,159949,,0.00011249960516579449,,
19,159999,,0.0004377903533168137,,
19,160049,,0.00014764427032787353,,
19,160099,,0.00017916192882694304,,
19,160149,,5.998185952194035e-05,,
19,160199,,0.00017628943896852434,,
19,160249,,0.00011440728849265724,,
19,160299,,0.00019219289242755622,,
19,160349,,0.00014817036571912467,,
19,160399,,0.0011534945806488395,,
19,160449,,0.00048707349924370646,,
19,160499,,0.00023352907737717032,,
19,160549,,0.0008156924159266055,,
19,160599,,0.0001843692152760923,,
19,160649,,0.0002541039139032364,,
19,160699,,0.002414420945569873,,
19,160749,,0.00024802007828839123,,
19,160799,,0.000269309472059831,,
19,160849,,0.00022226659348234534,,
19,160899,,0.0019058886682614684,,
19,160949,,0.001195685239508748,,
19,160999,,0.0004538558714557439,,
19,161049,,0.0001917368936119601,,
19,161099,,0.00012654105375986546,,
19,161149,,0.00012163133942522109,,
19,161199,,0.0005017188377678394,,
19,161249,,0.00023206404875963926,,
19,161299,,0.000698960735462606,,
19,161349,,0.0001256204122910276,,
19,161399,,0.00011092045315308496,,
19,161449,,0.00020082492846995592,,
19,161499,,0.0008146827458404005,,
19,161549,,0.00024010484048631042,,
19,161599,,0.00016284000594168901,,
19,161649,,7.874329457990825e-05,,
19,161699,,0.0007863521459512413,,
19,161749,,0.00036807454307563603,,
19,161799,,0.00039514293894171715,,
19,161849,,0.00027943559689447284,,
19,161899,,0.00012005982716800645,,
19,161949,,0.0005251365364529192,,
19,161999,,0.002554015489295125,,
19,162049,,0.00043712990009225905,,
19,162099,,0.00040641077794134617,,
19,162149,,0.00014114007353782654,,
19,162199,,0.0005507967434823513,,
19,162249,,0.0019138238858431578,,
19,162299,,0.00033252499997615814,,
19,162349,,0.0002421377575956285,,
19,162399,,0.00023268224322237074,,
19,162449,,0.00023447812418453395,,
19,162499,,0.00042732676956802607,,
19,162539,,,0.0005603072931990027,0.0005603072931990027
19,162539,0.0004926816909573972,,,
20,162549,,0.0002446994767524302,,
20,162599,,0.00031104477238841355,,
20,162649,,0.00011695801367750391,,
20,162699,,7.941694639157504e-05,,
20,162749,,0.0002646210487000644,,
20,162799,,0.001977713545784354,,
20,162849,,5.779555795015767e-05,,
20,162899,,0.00048505450831726193,,
20,162949,,0.000581113388761878,,
20,162999,,0.0003936391731258482,,
20,163049,,0.0004057000041939318,,
20,163099,,5.792912998003885e-05,,
20,163149,,0.00013511884026229382,,
20,163199,,9.075311390915886e-05,,
20,163249,,0.0004244050942361355,,
20,163299,,0.0002980991266667843,,
20,163349,,0.0004645658773370087,,
20,163399,,0.0002547593612689525,,
20,163449,,0.0005111843929626048,,
20,163499,,0.0001679570705164224,,
20,163549,,0.00020853313617408276,,
20,163599,,0.00013599272642750293,,
20,163649,,0.0001004120713332668,,
20,163699,,0.0001049802522175014,,
20,163749,,0.00026061158860102296,,
20,163799,,0.0012311396421864629,,
20,163849,,0.0004301242297515273,,
20,163899,,0.0005598001298494637,,
20,163949,,0.0006393903749994934,,
20,163999,,0.00012195474846521392,,
20,164049,,0.0006226713303476572,,
20,164099,,0.00015939073637127876,,
20,164149,,0.0021935622207820415,,
20,164199,,0.0001084301620721817,,
20,164249,,0.00012161784252384678,,
20,164299,,0.00017176267283502966,,
20,164349,,0.00039749412098899484,,
20,164399,,0.001579434727318585,,
20,164449,,0.00032305839704349637,,
20,164499,,0.0009828780312091112,,
20,164549,,0.00021242766524665058,,
20,164599,,6.114629650255665e-05,,
20,164649,,0.0001542608515592292,,
20,164699,,0.000298766273772344,,
20,164749,,0.00010346388444304466,,
20,164799,,0.00021790925529785454,,
20,164849,,0.0005895358044654131,,
20,164899,,0.0007302850717678666,,
20,164949,,9.040095756063238e-05,,
20,164999,,0.00010488615953363478,,
20,165049,,0.00023969773610588163,,
20,165099,,0.0002273447171319276,,
20,165149,,0.00010793071851367131,,
20,165199,,0.00010472092253621668,,
20,165249,,7.713239756412804e-05,,
20,165299,,0.0001413659774698317,,
20,165349,,0.0004383444902487099,,
20,165399,,7.622252451255918e-05,,
20,165449,,0.0009178743930533528,,
20,165499,,0.00013085138925816864,,
20,165549,,7.4463700002525e-05,,
20,165599,,0.0005566413165070117,,
20,165649,,0.00017585468594916165,,
20,165699,,0.0013695016968995333,,
20,165749,,0.0002502031857147813,,
20,165799,,0.0007425780640915036,,
20,165849,,0.0006743527483195066,,
20,165899,,0.00012336803774815053,,
20,165949,,0.0001463563385186717,,
20,165999,,0.0014924495480954647,,
20,166049,,0.00015101990720722824,,
20,166099,,0.00016965216491371393,,
20,166149,,6.15997050772421e-05,,
20,166199,,0.0001336430141236633,,
20,166249,,0.000590381387155503,,
20,166299,,0.001136112492531538,,
20,166349,,0.00015450309729203582,,
20,166399,,0.0001619599643163383,,
20,166449,,0.0008659753948450089,,
20,166499,,0.001378822373226285,,
20,166549,,0.0001220466656377539,,
20,166599,,0.0005274590221233666,,
20,166649,,0.0001477676269132644,,
20,166699,,0.0007796086720190942,,
20,166749,,0.00014352424477692693,,
20,166799,,0.00010677042882889509,,
20,166849,,0.00025594609905965626,,
20,166899,,0.000804567476734519,,
20,166949,,0.00014657131396234035,,
20,166999,,0.0012833700748160481,,
20,167049,,0.0007512930897064507,,
20,167099,,0.00011050523607991636,,
20,167149,,0.00012186462845420465,,
20,167199,,0.0003115626750513911,,
20,167249,,0.00041226029861718416,,
20,167299,,0.00014942875714041293,,
20,167349,,0.00014954101061448455,,
20,167399,,0.0003136197046842426,,
20,167449,,0.00042777438648045063,,
20,167499,,0.0013185774441808462,,
20,167549,,0.00011700245522661135,,
20,167599,,0.00039097972330637276,,
20,167649,,0.0007138961809687316,,
20,167699,,0.00010812712571350858,,
20,167749,,0.0008470082539133728,,
20,167799,,0.0007087028934620321,,
20,167849,,0.0004505134420469403,,
20,167899,,0.00036825210554525256,,
20,167949,,0.003489034017547965,,
20,167999,,0.0001759354636305943,,
20,168049,,0.002183705335482955,,
20,168099,,5.651338506140746e-05,,
20,168149,,0.0009279510122723877,,
20,168199,,0.0008413539035245776,,
20,168249,,0.0020350380800664425,,
20,168299,,0.00010771059896796942,,
20,168349,,0.0006156984018161893,,
20,168399,,0.0030433479696512222,,
20,168449,,0.0028338124975562096,,
20,168499,,0.00042296480387449265,,
20,168549,,0.00045288229011930525,,
20,168599,,0.00022166167036630213,,
20,168649,,0.0007809394155628979,,
20,168699,,0.0001885461388155818,,
20,168749,,0.0005795549950562418,,
20,168799,,0.00032379990443587303,,
20,168849,,0.002350668655708432,,
20,168899,,0.00018252331938128918,,
20,168949,,9.46364743867889e-05,,
20,168999,,0.0007419498288072646,,
20,169049,,0.0001604370481800288,,
20,169099,,0.0001759577717166394,,
20,169149,,0.0015108997467905283,,
20,169199,,0.0004390584072098136,,
20,169249,,0.00020196443074382842,,
20,169299,,0.0002298540493939072,,
20,169349,,0.0005752852302975953,,
20,169399,,0.0003356192901264876,,
20,169449,,0.00012109064846299589,,
20,169499,,0.0001096233245334588,,
20,169549,,0.00028934553847648203,,
20,169599,,0.0025620392989367247,,
20,169649,,0.0003603285294957459,,
20,169699,,0.00036224350333213806,,
20,169749,,0.0002870698517654091,,
20,169799,,0.00031166867120191455,,
20,169849,,0.0001550689630676061,,
20,169899,,0.0003097211883869022,,
20,169949,,0.0008598878048360348,,
20,169999,,0.0002179732546210289,,
20,170049,,7.51892730477266e-05,,
20,170099,,0.00015282204549293965,,
20,170149,,0.0001693394297035411,,
20,170199,,0.00010098458733409643,,
20,170249,,0.0008350173593498766,,
20,170299,,0.0004516853950917721,,
20,170349,,0.00014543447468895465,,
20,170399,,0.0006503192707896233,,
20,170449,,0.0004971249727532268,,
20,170499,,0.0002682026824913919,,
20,170549,,0.00011208269279450178,,
20,170599,,0.00016419355233665556,,
20,170649,,0.0022864495404064655,,
20,170666,,,0.000547470583114773,0.000547470583114773
20,170666,0.0004833494022022933,,,
21,170699,,0.00020819436758756638,,
21,170749,,0.00016096205217763782,,
21,170799,,3.841258512693457e-05,,
21,170849,,0.0001457811740692705,,
21,170899,,6.798376853112131e-05,,
21,170949,,0.00047125661512836814,,
21,170999,,0.000720237847417593,,
21,171049,,0.0002187519712606445,,
21,171099,,0.0002950560301542282,,
21,171149,,0.0005343434168025851,,
21,171199,,7.92867795098573e-05,,
21,171249,,0.0002132809313479811,,
21,171299,,0.00025078223552554846,,
21,171349,,0.0011392252054065466,,
21,171399,,9.123739437200129e-05,,
21,171449,,9.295913332607597e-05,,
21,171499,,0.0001714224781608209,,
21,171549,,0.00021398170792963356,,
21,171599,,0.0035959873348474503,,
21,171649,,0.00011006219574483112,,
21,171699,,0.00011105168960057199,,
21,171749,,8.342185174115002e-05,,
21,171799,,0.00021879222185816616,,
21,171849,,0.00010217141971224919,,
21,171899,,0.0002577539999037981,,
21,171949,,0.00023593900550622493,,
21,171999,,0.0007327808416448534,,
21,172049,,0.003823197679594159,,
21,172099,,0.0005095218075439334,,
21,172149,,0.0005845627165399492,,
21,172199,,0.0001413267309544608,,
21,172249,,0.0011320384219288826,,
21,172299,,0.00015469179197680205,,
21,172349,,0.00022170707234181464,,
21,172399,,5.206287823966704e-05,,
21,172449,,0.0012355444487184286,,
21,172499,,0.0002696161391213536,,
21,172549,,0.00033315952168777585,,
21,172599,,0.00023354608856607229,,
21,172649,,0.00020536340889520943,,
21,172699,,0.000125174003187567,,
21,172749,,0.0001907690748339519,,
21,172799,,6.556202424690127e-05,,
21,172849,,0.000480506889289245,,
21,172899,,0.0003037851711269468,,
21,172949,,0.00018984134658239782,,
21,172999,,7.077087502693757e-05,,
21,173049,,0.00034491150290705264,,
21,173099,,0.00010984716209350154,,
21,173149,,0.00018697227642405778,,
21,173199,,0.0004794173000846058,,
21,173249,,0.00010147188004339114,,
21,173299,,0.00026466522831469774,,
21,173349,,0.0001255859388038516,,
21,173399,,0.0010066283866763115,,
21,173449,,8.067353337537497e-05,,
21,173499,,0.001206004060804844,,
21,173549,,0.0001428452378604561,,
21,173599,,0.00017221487360075116,,
21,173649,,7.234010263346136e-05,,
21,173699,,0.0001734266261337325,,
21,173749,,0.0001660674752201885,,
21,173799,,0.000153755143401213,,
21,173849,,0.00010765942715806887,,
21,173899,,0.00031680482788942754,,
21,173949,,0.000892510695848614,,
21,173999,,0.0001600805262569338,,
21,174049,,0.002125235041603446,,
21,174099,,0.0002805657859425992,,
21,174149,,0.0001810886460589245,,
21,174199,,0.00012154308205936104,,
21,174249,,0.00023048747971188277,,
21,174299,,8.378968777833506e-05,,
21,174349,,0.00020360610506031662,,
21,174399,,0.00046465449850074947,,
21,174449,,0.00031844322802498937,,
21,174499,,0.00012363084533717483,,
21,174549,,0.0001152739132521674,,
21,174599,,0.00036836962681263685,,
21,174649,,0.00023554360086563975,,
21,174699,,0.0025563184171915054,,
21,174749,,0.00015656613686587662,,
21,174799,,0.00013210350880399346,,
21,174849,,0.00026904133846983314,,
21,174899,,0.00035499868681654334,,
21,174949,,0.00015410098421853036,,
21,174999,,8.546696335542947e-05,,
21,175049,,9.449738718103617e-05,,
21,175099,,0.00045397315989248455,,
21,175149,,8.93271790118888e-05,,
21,175199,,0.001211544033139944,,
21,175249,,0.0005280561163090169,,
21,175299,,0.0006281104870140553,,
21,175349,,0.0004413845599628985,,
21,175399,,0.0004655867232941091,,
21,175449,,0.0001944668183568865,,
21,175499,,0.00038407824467867613,,
21,175549,,0.0005664969212375581,,
21,175599,,0.005187593400478363,,
21,175649,,6.979024328757077e-05,,
21,175699,,0.0010392547119408846,,
21,175749,,0.0001230661291629076,,
21,175799,,0.00017524126451462507,,
21,175849,,0.00013328618661034852,,
21,175899,,0.00031053295242600143,,
21,175949,,0.00011643648031167686,,
21,175999,,0.001314273220486939,,
21,176049,,0.0001840686018113047,,
21,176099,,0.0004354419361334294,,
21,176149,,6.357375968946144e-05,,
21,176199,,0.00011381919466657564,,
21,176249,,0.000183118594577536,,
21,176299,,0.00030130796949379146,,
21,176349,,0.0002004956331802532,,
21,176399,,0.00012171176786068827,,
21,176449,,0.00011630767403403297,,
21,176499,,0.00022422782785724849,,
21,176549,,0.00024211854906752706,,
21,176599,,0.00015427861944772303,,
21,176649,,7.696352258790284e-05,,
21,176699,,0.00012672212324105203,,
21,176749,,8.204213372664526e-05,,
21,176799,,0.0001682715956121683,,
21,176849,,0.00026335357688367367,,
21,176899,,9.486194903729483e-05,,
21,176949,,0.001062053837813437,,
21,176999,,0.00013462929928209633,,
21,177049,,0.00017612178635317832,,
21,177099,,0.0002631784591358155,,
21,177149,,0.0004682882281485945,,
21,177199,,0.0009467522031627595,,
21,177249,,0.00032572567579336464,,
21,177299,,0.00011211836681468412,,
21,177349,,0.00010775653936434537,,
21,177399,,0.00013728253543376923,,
21,177449,,0.00018916020053438842,,
21,177499,,0.00013456754095386714,,
21,177549,,6.818503607064486e-05,,
21,177599,,9.720231173560023e-05,,
21,177649,,0.0003649038844741881,,
21,177699,,9.713546023704112e-05,,
21,177749,,9.598878386896104e-05,,
21,177799,,0.00011798228661064059,,
21,177849,,0.00014928451855666935,,
21,177899,,0.00022512098075821996,,
21,177949,,0.0001839231263147667,,
21,177999,,8.111168426694348e-05,,
21,178049,,0.0001524871913716197,,
21,178099,,0.00016575302288401872,,
21,178149,,0.0005729434778913856,,
21,178199,,0.0003601084172260016,,
21,178249,,9.363941353512928e-05,,
21,178299,,0.0006277469219639897,,
21,178349,,0.0004832682607229799,,
21,178399,,0.00034846056951209903,,
21,178449,,0.00014254794223234057,,
21,178499,,0.00020782848878297955,,
21,178549,,0.0006777903181500733,,
21,178599,,0.00011828769493149593,,
21,178649,,9.642881923355162e-05,,
21,178699,,0.0004773885302711278,,
21,178749,,7.308246858883649e-05,,
21,178793,,,0.0005336065078154206,0.0005336065078154206
21,178793,0.00047399094910360873,,,
22,178799,,0.0005673808045685291,,
22,178849,,0.00015642294602002949,,
22,178899,,0.00017223860777448863,,
22,178949,,0.00018340149836149067,,
22,178999,,0.00011435430496931076,,
22,179049,,9.191700519295409e-05,,
22,179099,,0.00013022939674556255,,
22,179149,,8.507799066137522e-05,,
22,179199,,0.0004716623807325959,,
22,179249,,0.0004923938540741801,,
22,179299,,0.0012280569644644856,,
22,179349,,0.00041100141243077815,,
22,179399,,8.954403165262192e-05,,
22,179449,,0.00010232966451440006,,
22,179499,,0.0006630305433645844,,
22,179549,,0.00033468042965978384,,
22,179599,,7.594624912599102e-05,,
22,179649,,0.0004073419841006398,,
22,179699,,0.001025841454975307,,
22,179749,,0.0027327509596943855,,
22,179799,,8.780958160059527e-05,,
22,179849,,0.00011266332148807123,,
22,179899,,0.0002380620571784675,,
22,179949,,0.00010758501593954861,,
22,179999,,0.00012305662676226348,,
22,180049,,0.00037557078758254647,,
22,180099,,0.00016079569468274713,,
22,180149,,0.0008040898246690631,,
22,180199,,0.0002532263461034745,,
22,180249,,0.00012949448137078434,,
22,180299,,0.0007640665862709284,,
22,180349,,0.00016296433750540018,,
22,180399,,9.656406473368406e-05,,
22,180449,,0.00011540220293682069,,
22,180499,,0.0001007294631563127,,
22,180549,,0.0003737242368515581,,
22,180599,,0.00021668453700840473,,
22,180649,,0.00012767912994604558,,
22,180699,,0.00042402581311762333,,
22,180749,,0.00012952460383530706,,
22,180799,,0.00024152177502401173,,
22,180849,,0.00027004649746231735,,
22,180899,,0.0005160961300134659,,
22,180949,,0.0013576408382505178,,
22,180999,,0.00033500176505185664,,
22,181049,,0.0002172744134441018,,
22,181099,,0.00024127848155330867,,
22,181149,,9.748054435476661e-05,,
22,181199,,0.00015999848255887628,,
22,181249,,0.00014670896052848548,,
22,181299,,0.0008386456174775958,,
22,181349,,8.875502680893987e-05,,
22,181399,,0.0023398471530526876,,
22,181449,,0.000443571072537452,,
22,181499,,0.00011407528654672205,,
22,181549,,0.0005511058261618018,,
22,181599,,0.00041621102718636394,,
22,181649,,0.0001477475743740797,,
22,181699,,0.00012149667600169778,,
22,181749,,9.142821363639086e-05,,
22,181799,,0.0001617791858734563,,
22,181849,,8.431221067439765e-05,,
22,181899,,0.00022568259737454355,,
22,181949,,0.00011262207408435643,,
22,181999,,0.0002892067132052034,,
22,182049,,0.00030164935742504895,,
22,182099,,0.00023990249610505998,,
22,182149,,5.675578358932398e-05,,
22,182199,,0.00017507017764728516,,
22,182249,,0.000275876052910462,,
22,182299,,0.00016559733194299042,,
22,182349,,0.0008879195083864033,,
22,182399,,0.0005543932784348726,,
22,182449,,0.0001417164457961917,,
22,182499,,0.0003396821557544172,,
22,182549,,0.002545752562582493,,
22,182599,,0.00019431013788562268,,
22,182649,,0.002934432588517666,,
22,182699,,0.0001114545448217541,,
22,182749,,9.260211663786322e-05,,
22,182799,,7.102161180227995e-05,,
22,182849,,0.00010486341489013284,,
22,182899,,0.00021395224030129611,,
22,182949,,0.00014187446504365653,,
22,182999,,0.00023001707450021058,,
22,183049,,0.00016608854639343917,,
22,183099,,0.0002107248001266271,,
22,183149,,6.603121437365189e-05,,
22,183199,,0.0004911774885840714,,
22,183249,,6.021957233315334e-05,,
22,183299,,0.00014671534881927073,,
22,183349,,0.0001316642592428252,,
22,183399,,0.0014944650465622544,,
22,183449,,8.470323518849909e-05,,
22,183499,,0.004523260518908501,,
22,183549,,0.004179264418780804,,
22,183599,,0.0001464479137212038,,
22,183649,,0.0003633328597061336,,
22,183699,,0.00012225603859405965,,
22,183749,,0.002105352468788624,,
22,183799,,0.0015655766474083066,,
22,183849,,0.0002667204535100609,,
22,183899,,0.0002641896717250347,,
22,183949,,0.0002623974287416786,,
22,183999,,6.17170226178132e-05,,
22,184049,,0.0004934078897349536,,
22,184099,,0.00011512381752254441,,
22,184149,,0.00018099891894962639,,
22,184199,,9.255782788386568e-05,,
22,184249,,0.00019144269754178822,,
22,184299,,0.00010010661208070815,,
22,184349,,0.0005692297709174454,,
22,184399,,0.00014120744890533388,,
22,184449,,0.00019298651022836566,,
22,184499,,9.553054405841976e-05,,
22,184549,,0.0001467632973799482,,
22,184599,,0.00017356152238789946,,
22,184649,,0.00014249500236473978,,
22,184699,,0.0005892380140721798,,
22,184749,,0.00011906259169336408,,
22,184799,,0.00012467545457184315,,
22,184849,,0.0005111538921482861,,
22,184899,,0.000105698847619351,,
22,184949,,0.00024068863422144204,,
22,184999,,0.00043173343874514103,,
22,185049,,0.00010708760964917019,,
22,185099,,0.0002766476827673614,,
22,185149,,0.00018095303676091135,,
22,185199,,0.00015721343515906483,,
22,185249,,7.616473158122972e-05,,
22,185299,,0.00016378152940887958,,
22,185349,,9.194704034598544e-05,,
22,185399,,0.00020183906599413604,,
22,185449,,0.0003289938031230122,,
22,185499,,8.998333942145109e-05,,
22,185549,,0.0001550319284433499,,
22,185599,,9.592954302206635e-05,,
22,185649,,0.0013744184980168939,,
22,185699,,0.00011537929822225124,,
22,185749,,0.00014632543025072664,,
22,185799,,0.0006252317689359188,,
22,185849,,0.00015578906459268183,,
22,185899,,0.00019842485198751092,,
22,185949,,0.00010792702960316092,,
22,185999,,9.387104364577681e-05,,
22,186049,,0.0005117238615639508,,
22,186099,,0.00013647695595864207,,
22,186149,,0.0002566800976637751,,
22,186199,,0.0003691981837619096,,
22,186249,,9.238894563168287e-05,,
22,186299,,0.00011479431123007089,,
22,186349,,8.290925325127319e-05,,
22,186399,,0.00018874809029512107,,
22,186449,,0.00020572778885252774,,
22,186499,,0.00047761277528479695,,
22,186549,,7.518695201724768e-05,,
22,186599,,0.00010135739285033196,,
22,186649,,0.0002703572390601039,,
22,186699,,0.000377675867639482,,
22,186749,,0.0002629034570418298,,
22,186799,,9.973376290872693e-05,,
22,186849,,0.00015965028433129191,,
22,186899,,0.00015672117297071964,,
22,186920,,,0.0005475003272294998,0.0005475003272294998
22,186920,0.0004622410924639553,,,
23,186949,,0.0005644900957122445,,
23,186999,,0.00021326768910512328,,
23,187049,,0.00013706959725823253,,
23,187099,,0.00046179178752936423,,
23,187149,,0.00019547321426216513,,
23,187199,,0.00022652876214124262,,
23,187249,,5.140396024216898e-05,,
23,187299,,0.00018680251378100365,,
23,187349,,0.00021798575471621007,,
23,187399,,0.0002610927331261337,,
23,187449,,0.00021675133029930294,,
23,187499,,0.00014403069508261979,,
23,187549,,0.0013798370491713285,,
23,187599,,0.0008171870722435415,,
23,187649,,0.0002811488520819694,,
23,187699,,9.316057548858225e-05,,
23,187749,,0.00013349272194318473,,
23,187799,,0.0005232737166807055,,
23,187849,,0.00014243749319575727,,
23,187899,,0.0002934858202934265,,
23,187949,,0.00020493683405220509,,
23,187999,,0.00011989031918346882,,
23,188049,,0.00013290904462337494,,
23,188099,,0.00014851779269520193,,
23,188149,,0.00047615315997973084,,
23,188199,,0.00016819831216707826,,
23,188249,,0.0014651763485744596,,
23,188299,,0.0003617730690166354,,
23,188349,,0.00012088951916666701,,
23,188399,,0.0005029574385844171,,
23,188449,,0.00017584420857019722,,
23,188499,,7.17430011718534e-05,,
23,188549,,0.0004520339716691524,,
23,188599,,0.00016391360259149224,,
23,188649,,0.0001118785803555511,,
23,188699,,0.00011905723658856004,,
23,188749,,4.0189588617067784e-05,,
23,188799,,0.0032784391660243273,,
23,188849,,0.00031872664112597704,,
23,188899,,0.0007261454011313617,,
23,188949,,0.00021443750301841646,,
23,188999,,0.0007241570856422186,,
23,189049,,0.00012629423872567713,,
23,189099,,0.00020078719535376877,,
23,189149,,0.0003025815822184086,,
23,189199,,4.864788934355602e-05,,
23,189249,,0.0003610148560255766,,
23,189299,,0.00039051042404025793,,
23,189349,,0.00013413089618552476,,
23,189399,,9.669677820056677e-05,,
23,189449,,0.0008099007536657155,,
23,189499,,0.00043629901483654976,,
23,189549,,0.0002623037144076079,,
23,189599,,0.00017381284851580858,,
23,189649,,0.0005151079385541379,,
23,189699,,0.00019264407455921173,,
23,189749,,0.00013142143143340945,,
23,189799,,0.0017156065441668034,,
23,189849,,5.859267548657954e-05,,
23,189899,,0.0002126826875610277,,
23,189949,,0.00012659694766625762,,
23,189999,,0.00016665928706061095,,
23,190049,,0.00019812175014521927,,
23,190099,,0.0003321202239021659,,
23,190149,,0.00017759804904926568,,
23,190199,,0.00010516688780626282,,
23,190249,,0.025357544422149658,,
23,190299,,0.00020519024110399187,,
23,190349,,0.0006422404549084604,,
23,190399,,0.00043219790677540004,,
23,190449,,0.0005192839307710528,,
23,190499,,0.00027369134477339685,,
23,190549,,0.00142572948243469,,
23,190599,,0.00010051001299871132,,
23,190649,,0.00013318954734131694,,
23,190699,,0.002551827346906066,,
23,190749,,0.0006435540271922946,,
23,190799,,0.00010295558604411781,,
23,190849,,0.0021776820067316294,,
23,190899,,0.00013272525393404067,,
23,190949,,0.001242959639057517,,
23,190999,,0.0006551664555445313,,
23,191049,,0.0003692495811264962,,
23,191099,,0.0002107972977682948,,
23,191149,,0.00044670686475001276,,
23,191199,,0.0022299138363450766,,
23,191249,,0.00035374719300307333,,
23,191299,,0.0001912701700348407,,
23,191349,,0.00016661219706293195,,
23,191399,,0.00035897467751055956,,
23,191449,,9.253909229300916e-05,,
23,191499,,7.601950346725062e-05,,
23,191549,,0.0005298606702126563,,
23,191599,,0.00011742582137230784,,
23,191649,,0.00011906707368325442,,
23,191699,,0.0002448380982968956,,
23,191749,,0.00014378214837051928,,
23,191799,,0.0005609556101262569,,
23,191849,,0.00011491785699035972,,
23,191899,,0.00022106061805970967,,
23,191949,,0.0009416164830327034,,
23,191999,,0.00012195774615975097,,
23,192049,,0.000209534409805201,,
23,192099,,0.0004242032300680876,,
23,192149,,8.735326264286414e-05,,
23,192199,,0.00015425789752043784,,
23,192249,,0.00013334714458324015,,
23,192299,,0.00018357558292336762,,
23,192349,,0.0001191314950119704,,
23,192399,,8.9599059720058e-05,,
23,192449,,0.00012938064173795283,,
23,192499,,0.0004359099839348346,,
23,192549,,0.00019596514175646007,,
23,192599,,0.00010589614976197481,,
23,192649,,0.0001763329782988876,,
23,192699,,0.00015497459389735013,,
23,192749,,0.00023813666484784335,,
23,192799,,0.00026418143534101546,,
23,192849,,0.000145574493217282,,
23,192899,,9.677272464614362e-05,,
23,192949,,0.00011660678865155205,,
23,192999,,0.0001656791428104043,,
23,193049,,0.0008153115049935877,,
23,193099,,0.00023194063396658748,,
23,193149,,0.00017196344560943544,,
23,193199,,0.0001338306174147874,,
23,193249,,0.0006680133519694209,,
23,193299,,0.00010510490392334759,,
23,193349,,0.00019893691933248192,,
23,193399,,6.981829210417345e-05,,
23,193449,,0.00037909095408394933,,
23,193499,,0.00037901807809248567,,
23,193549,,0.00016341081936843693,,
23,193599,,0.00036403987905941904,,
23,193649,,4.69112565042451e-05,,
23,193699,,0.00018321204697713256,,
23,193749,,8.708232053322718e-05,,
23,193799,,0.00018678954802453518,,
23,193849,,0.00020373451116029173,,
23,193899,,4.564088158076629e-05,,
23,193949,,0.00017056938668247312,,
23,193999,,0.00027438008692115545,,
23,194049,,0.0009596058516763151,,
23,194099,,0.00020545122970361263,,
23,194149,,0.003831848967820406,,
23,194199,,0.0001296400441788137,,
23,194249,,0.0016964751994237304,,
23,194299,,0.00010437679884489626,,
23,194349,,0.0003447330091148615,,
23,194399,,0.0003297457005828619,,
23,194449,,0.0003620980423875153,,
23,194499,,0.0001445632369723171,,
23,194549,,0.0005113042425364256,,
23,194599,,0.00035954982740804553,,
23,194649,,7.779126462992281e-05,,
23,194699,,0.00024555547861382365,,
23,194749,,0.00032113451743498445,,
23,194799,,0.00012684529065154493,,
23,194849,,0.0005333801382221282,,
23,194899,,0.00042507456964813173,,
23,194949,,0.00016321672592312098,,
23,194999,,0.00037911825347691774,,
23,195047,,,0.0006315751816146076,0.0006315751816146076
23,195047,0.0004541186790447682,,,
24,195049,,0.0001372049009660259,,
24,195099,,0.0003947711957152933,,
24,195149,,0.0005169381038285792,,
24,195199,,0.00043585244566202164,,
24,195249,,0.0010558650828897953,,
24,195299,,0.0002116888208547607,,
24,195349,,0.00019935065938625485,,
24,195399,,0.0001785290805855766,,
24,195449,,0.00039094247040338814,,
24,195499,,0.00018395998631604016,,
24,195549,,0.0001418068422935903,,
24,195599,,0.0003475899575278163,,
24,195649,,0.0015174378640949726,,
24,195699,,0.00043508270755410194,,
24,195749,,0.0007370222010649741,,
24,195799,,0.00022592498862650245,,
24,195849,,0.00019567836716305465,,
24,195899,,8.601252193329856e-05,,
24,195949,,0.00020848889835178852,,
24,195999,,6.030402801115997e-05,,
24,196049,,0.015193529427051544,,
24,196099,,0.0002497563837096095,,
24,196149,,0.0009389907936565578,,
24,196199,,0.0003500055754557252,,
24,196249,,0.00010784030746435747,,
24,196299,,0.0001321707823080942,,
24,196349,,6.116557051427662e-05,,
24,196399,,0.0002331642317585647,,
24,196449,,0.0003986998926848173,,
24,196499,,0.00011878438817802817,,
24,196549,,7.770546653773636e-05,,
24,196599,,0.0008175539551302791,,
24,196649,,8.493937639286742e-05,,
24,196699,,0.0007473629084415734,,
24,196749,,0.00023589847842231393,,
24,196799,,0.0007633838686160743,,
24,196849,,0.00012277824862394482,,
24,196899,,0.00015891154180280864,,
24,196949,,0.0001165403300547041,,
24,196999,,0.0005258047604002059,,
24,197049,,0.00031660826061852276,,
24,197099,,0.0010494065936654806,,
24,197149,,7.731533696642146e-05,,
24,197199,,0.0006665833061560988,,
24,197249,,9.548563684802502e-05,,
24,197299,,0.0010871643899008632,,
24,197349,,0.0002136552648153156,,
24,197399,,9.145672811428085e-05,,
24,197449,,0.001500723185017705,,
24,197499,,0.0006835235981270671,,
24,197549,,8.611701196059585e-05,,
24,197599,,0.0001705792237771675,,
24,197649,,0.00015976669965311885,,
24,197699,,0.00014300899056252092,,
24,197749,,0.0001354977284790948,,
24,197799,,0.00016848849190864712,,
24,197849,,0.0001276491821045056,,
24,197899,,9.350449545308948e-05,,
24,197949,,0.00017464879783801734,,
24,197999,,0.0018938651774078608,,
24,198049,,0.000196724635316059,,
24,198099,,0.0007597930962219834,,
24,198149,,8.913631609175354e-05,,
24,198199,,0.00019013007113244385,,
24,198249,,0.0001929852005559951,,
24,198299,,0.00016845476056914777,,
24,198349,,0.00046698038931936026,,
24,198399,,0.0010505414102226496,,
24,198449,,0.00032620388083159924,,
24,198499,,6.36523836874403e-05,,
24,198549,,0.00023254603729583323,,
24,198599,,0.00011371770960977301,,
24,198649,,0.004699802026152611,,
24,198699,,0.0004378338053356856,,
24,198749,,6.84665865264833e-05,,
24,198799,,0.00021873129298910499,,
24,198849,,0.00021136191207915545,,
24,198899,,0.00016767838678788394,,
24,198949,,0.0001642982242628932,,
24,198999,,0.0001341979077551514,,
24,199049,,0.00019777000125031918,,
24,199099,,0.00011569813796086237,,
24,199149,,8.074652578216046e-05,,
24,199199,,0.00027542334282770753,,
24,199249,,0.00039435087819583714,,
24,199299,,8.282875205622986e-05,,
24,199349,,0.0001428930991096422,,
24,199399,,0.00020864293037448078,,
24,199449,,0.0001560506789246574,,
24,199499,,0.0015070787630975246,,
24,199549,,0.00024109534570015967,,
24,199599,,0.00024261152429971844,,
24,199649,,0.0003029413928743452,,
24,199699,,8.64481262397021e-05,,
24,199749,,0.00011484147398732603,,
24,199799,,0.00012762733967974782,,
24,199849,,0.00012390970368869603,,
24,199899,,0.0003751814947463572,,
24,199949,,0.0002623371547088027,,
24,199999,,9.65383296716027e-05,,
24,200049,,0.0006523202755488455,,
24,200099,,0.002615015022456646,,
24,200149,,0.0002318211190868169,,
24,200199,,0.00010476248280610889,,
24,200249,,0.00016525316459592432,,
24,200299,,0.0001747072528814897,,
24,200349,,0.0001340995222562924,,
24,200399,,0.0011011594906449318,,
24,200449,,0.0007503387751057744,,
24,200499,,0.0002707255189307034,,
24,200549,,0.0010567163117229939,,
24,200599,,7.593821646878496e-05,,
24,200649,,0.0005356696201488376,,
24,200699,,0.00010976976773235947,,
24,200749,,0.00023326996597461402,,
24,200799,,0.0003223931125830859,,
24,200849,,0.00018092477694153786,,
24,200899,,0.0002607277419883758,,
24,200949,,0.00014370579447131604,,
24,200999,,0.00010778489377116784,,
24,201049,,0.0004515397595241666,,
24,201099,,0.0025058132596313953,,
24,201149,,0.0008706519729457796,,
24,201199,,0.00023100133694242686,,
24,201249,,5.669704114552587e-05,,
24,201299,,0.0005237109726294875,,
24,201349,,0.0008614278049208224,,
24,201399,,0.0008629171643406153,,
24,201449,,0.000620953505858779,,
24,201499,,9.167220559902489e-05,,
24,201549,,0.00014773797011002898,,
24,201599,,0.0005925557343289256,,
24,201649,,0.0009143892675638199,,
24,201699,,0.00027713709278032184,,
24,201749,,0.00010844467033166438,,
24,201799,,7.038855255814269e-05,,
24,201849,,0.0001281537115573883,,
24,201899,,0.0007280680001713336,,
24,201949,,0.0005448191659525037,,
24,201999,,0.00010701062274165452,,
24,202049,,0.00012508731742855161,,
24,202099,,0.001249172375537455,,
24,202149,,0.0017001840751618147,,
24,202199,,0.000202618888579309,,
24,202249,,0.0001147567672887817,,
24,202299,,0.0009170793346129358,,
24,202349,,0.0001534329348942265,,
24,202399,,0.0002862667024601251,,
24,202449,,0.000471224746434018,,
24,202499,,0.00018568310770206153,,
24,202549,,3.8294485420919955e-05,,
24,202599,,0.0001576247304910794,,
24,202649,,0.00017680716700851917,,
24,202699,,0.0003205874818377197,,
24,202749,,0.00011819989595096558,,
24,202799,,0.00011784236266976222,,
24,202849,,0.0003041198942810297,,
24,202899,,0.00010283773008268327,,
24,202949,,0.0004079180653207004,,
24,202999,,9.485975897405297e-05,,
24,203049,,0.0001276296825380996,,
24,203099,,0.00019519939087331295,,
24,203149,,0.00016100495122373104,,
24,203174,,,0.0005662977928295732,0.0005662977928295732
24,203174,0.0004472461878322065,,,
25,203199,,9.442335431231186e-05,,
25,203249,,0.0009586757514625788,,
25,203299,,0.00010222692071693018,,
25,203349,,0.0004829872341360897,,
25,203399,,0.0003797732060775161,,
25,203449,,0.00011686605284921825,,
25,203499,,0.00240347976796329,,
25,203549,,0.00013884928193874657,,
25,203599,,0.0001089610523195006,,
25,203649,,0.00011350070417392999,,
25,203699,,0.0020828559063374996,,
25,203749,,8.485539729008451e-05,,
25,203799,,0.00018671731231734157,,
25,203849,,0.00023289457021746784,,
25,203899,,0.00012662574590649456,,
25,203949,,0.0005952653009444475,,
25,203999,,0.00031741851125843823,,
25,204049,,0.0004085286345798522,,
25,204099,,0.00020565597515087575,,
25,204149,,0.0023430651053786278,,
25,204199,,0.00011305283987894654,,
25,204249,,8.744277147343382e-05,,
25,204299,,0.00017271569231525064,,
25,204349,,0.00015950384840834886,,
25,204399,,0.0025583431124687195,,
25,204449,,0.0004949370631948113,,
25,204499,,8.640653686597943e-05,,
25,204549,,0.0011771410936489701,,
25,204599,,0.00011393330350983888,,
25,204649,,0.0008535156375728548,,
25,204699,,0.0006853773375041783,,
25,204749,,0.0001464247761759907,,
25,204799,,0.0003094615531153977,,
25,204849,,0.00017746402591001242,,
25,204899,,0.0001529493893031031,,
25,204949,,8.599391003372148e-05,,
25,204999,,0.00011410369188524783,,
25,205049,,0.0002206675853813067,,
25,205099,,0.00016703028813935816,,
25,205149,,8.329557749675587e-05,,
25,205199,,0.001312052016146481,,
25,205249,,9.223661618307233e-05,,
25,205299,,0.00038958853110671043,,
25,205349,,0.0005497908568941057,,
25,205399,,5.671535473084077e-05,,
25,205449,,7.567924330942333e-05,,
25,205499,,0.00012068291107425466,,
25,205549,,0.0011081394040957093,,
25,205599,,0.00020629080245271325,,
25,205649,,0.0002477909729350358,,
25,205699,,0.0001667066680965945,,
25,205749,,0.00012670781870838255,,
25,205799,,0.00012060903827659786,,
25,205849,,0.00010585229028947651,,
25,205899,,7.650830957572907e-05,,
25,205949,,0.0001648808247409761,,
25,205999,,5.949154365225695e-05,,
25,206049,,0.00015434774104505777,,
25,206099,,0.0009859607089310884,,
25,206149,,0.00013538224447984248,,
25,206199,,0.00022722233552485704,,
25,206249,,0.00013129271974321455,,
25,206299,,0.00013596143980976194,,
25,206349,,0.000687700929120183,,
25,206399,,0.0003014732792507857,,
25,206449,,0.00020874961046501994,,
25,206499,,0.00013065010716672987,,
25,206549,,0.0007082400261424482,,
25,206599,,9.519533341517672e-05,,
25,206649,,0.00017143467266578227,,
25,206699,,0.000599664228502661,,
25,206749,,0.0009490802767686546,,
25,206799,,0.0001304362522205338,,
25,206849,,9.168594988295808e-05,,
25,206899,,9.62262274697423e-05,,
25,206949,,8.569501369493082e-05,,
25,206999,,0.0002534360683057457,,
25,207049,,0.00019266267190687358,,
25,207099,,0.0003523922641761601,,
25,207149,,0.0003841654979623854,,
25,207199,,0.0002940697595477104,,
25,207249,,8.152396912919357e-05,,
25,207299,,6.344507710309699e-05,,
25,207349,,0.0005018606898374856,,
25,207399,,0.00011588900815695524,,
25,207449,,0.00011762348003685474,,
25,207499,,5.052446431363933e-05,,
25,207549,,0.00010412099800305441,,
25,207599,,8.814013563096523e-05,,
25,207649,,0.00017398138879798353,,
25,207699,,0.00014077873493079096,,
25,207749,,0.0028445671778172255,,
25,207799,,0.00016616996435914189,,
25,207849,,0.0005720161716453731,,
25,207899,,0.00028248055605217814,,
25,207949,,0.0001393872225889936,,
25,207999,,0.00019448192324489355,,
25,208049,,0.00019059139594901353,,
25,208099,,0.00018046406330540776,,
25,208149,,0.0001669667544774711,,
25,208199,,0.00024354501510970294,,
25,208249,,0.00024204488727264106,,
25,208299,,9.014854003908113e-05,,
25,208349,,0.00021228128753136843,,
25,208399,,0.000128169558593072,,
25,208449,,0.00021651395945809782,,
25,208499,,0.00035314817796461284,,
25,208549,,0.00038209566264413297,,
25,208599,,0.00017955580551642925,,
25,208649,,7.329473737627268e-05,,
25,208699,,7.939431088743731e-05,,
25,208749,,8.236524445237592e-05,,
25,208799,,7.373110565822572e-05,,
25,208849,,0.0001382592599838972,,
25,208899,,9.428380872122943e-05,,
25,208949,,0.00010277913679601625,,
25,208999,,0.00017080204270314425,,
25,209049,,0.000163796212291345,,
25,209099,,0.00017962911806534976,,
25,209149,,9.484153997618705e-05,,
25,209199,,0.0008319640182889998,,
25,209249,,0.0008589980425313115,,
25,209299,,7.696311513427645e-05,,
25,209349,,0.000156309935846366,,
25,209399,,0.0012276592897251248,,
25,209449,,0.0001566413848195225,,
25,209499,,0.0015378242824226618,,
25,209549,,0.00039560170262120664,,
25,209599,,0.0004092906601727009,,
25,209649,,0.0001579373056301847,,
25,209699,,0.0007832395494915545,,
25,209749,,0.00010850573016796261,,
25,209799,,0.0001017467220663093,,
25,209849,,0.00029769272077828646,,
25,209899,,0.0001910119317471981,,
25,209949,,0.0005953139625489712,,
25,209999,,0.0011662483448162675,,
25,210049,,9.050742664840072e-05,,
25,210099,,5.9881458582822233e-05,,
25,210149,,0.0003058088186662644,,
25,210199,,0.00013202792615629733,,
25,210249,,0.00011591654038056731,,
25,210299,,0.0009706022683531046,,
25,210349,,0.0005564290913753211,,
25,210399,,0.0005662888288497925,,
25,210449,,7.670753984712064e-05,,
25,210499,,9.39988240133971e-05,,
25,210549,,0.0007510339492000639,,
25,210599,,0.00017901809769682586,,
25,210649,,7.953032763907686e-05,,
25,210699,,0.0001050203645718284,,
25,210749,,0.00016866599617060274,,
25,210799,,0.00010993880277965218,,
25,210849,,0.0019015867728739977,,
25,210899,,0.0006533530540764332,,
25,210949,,7.988987636053935e-05,,
25,210999,,0.00014278024900704622,,
25,211049,,0.0002461306576151401,,
25,211099,,0.00080314208753407,,
25,211149,,0.0003628671693149954,,
25,211199,,0.00015205840463750064,,
25,211249,,0.0015824930742383003,,
25,211299,,0.00020387240510899574,,
25,211301,,,0.0005577100091613829,0.0005577100091613829
25,211301,0.00043695259955711663,,,
26,211349,,7.404523057630286e-05,,
26,211399,,0.00035319378366693854,,
26,211449,,5.7750949054025114e-05,,
26,211499,,0.0003443947061896324,,
26,211549,,0.00012824859004467726,,
26,211599,,0.0001953727041836828,,
26,211649,,0.00010111786104971543,,
26,211699,,0.0009598753531463444,,
26,211749,,0.0005897539667785168,,
26,211799,,0.0001334397093160078,,
26,211849,,0.00038310838863253593,,
26,211899,,0.00016721393330954015,,
26,211949,,0.00011264926433796063,,
26,211999,,0.0001064435055013746,,
26,212049,,9.322899131802842e-05,,
26,212099,,0.00036728772101923823,,
26,212149,,0.00015939805598463863,,
26,212199,,8.77328566275537e-05,,
26,212249,,0.0013290350325405598,,
26,212299,,0.0018815997755154967,,
26,212349,,0.00017973664216697216,,
26,212399,,7.437165186274797e-05,,
26,212449,,0.00016595023043919355,,
26,212499,,0.000652467308100313,,
26,212549,,0.00014995914534665644,,
26,212599,,0.0003219861537218094,,
26,212649,,0.00046716866199858487,,
26,212699,,0.0002515020896680653,,
26,212749,,0.00012500848970375955,,
26,212799,,6.683750689262524e-05,,
26,212849,,0.002365887863561511,,
26,212899,,0.0002982410660479218,,
26,212949,,0.0026844318490475416,,
26,212999,,0.0005310818087309599,,
26,213049,,0.0003679357178043574,,
26,213099,,0.00016703770961612463,,
26,213149,,0.00019229228200856596,,
26,213199,,0.00017796072643250227,,
26,213249,,0.00010120174556504935,,
26,213299,,0.00014069564349483699,,
26,213349,,9.90111511782743e-05,,
26,213399,,0.00015144396456889808,,
26,213449,,0.00012791018525604159,,
26,213499,,0.00011171787627972662,,
26,213549,,0.0002353916788706556,,
26,213599,,8.902054833015427e-05,,
26,213649,,9.515805140836164e-05,,
26,213699,,0.0003583631769288331,,
26,213749,,0.0005234997952356935,,
26,213799,,0.00012739496014546603,,
26,213849,,0.0005405184929259121,,
26,213899,,0.00032802653731778264,,
26,213949,,9.533954289508983e-05,,
26,213999,,0.00022317309048958123,,
26,214049,,5.045696161687374e-05,,
26,214099,,0.00017301940533798188,,
26,214149,,0.0001085571275325492,,
26,214199,,0.00012985608191229403,,
26,214249,,0.00011594154057092965,,
26,214299,,0.0001209666661452502,,
26,214349,,6.002730879117735e-05,,
26,214399,,0.0017939954996109009,,
26,214449,,0.00016541770310141146,,
26,214499,,0.0004457751056179404,,
26,214549,,0.00010029420809587464,,
26,214599,,0.00017434122855775058,,
26,214649,,8.34616512292996e-05,,
26,214699,,7.64046490075998e-05,,
26,214749,,0.000508377212099731,,
26,214799,,0.0002318325568921864,,
26,214849,,0.0003881418379023671,,
26,214899,,0.0001225022569997236,,
26,214949,,0.00012744266132358462,,
26,214999,,0.00030306095140986145,,
26,215049,,0.00012304492702241987,,
26,215099,,0.001351571991108358,,
26,215149,,0.0001879566116258502,,
26,215199,,0.0007458381587639451,,
26,215249,,0.00013279951235745102,,
26,215299,,8.419927326031029e-05,,
26,215349,,0.00011911085312021896,,
26,215399,,0.00017855122860055417,,
26,215449,,0.0001779346785042435,,
26,215499,,0.0002583168097771704,,
26,215549,,0.0005197125137783587,,
26,215599,,8.14643717603758e-05,,
26,215649,,0.00014829638530500233,,
26,215699,,0.00010690603085095063,,
26,215749,,0.0020900426898151636,,
26,215799,,0.0007654840010218322,,
26,215849,,0.00012273441825527698,,
26,215899,,7.713407831033692e-05,,
26,215949,,6.657506310148165e-05,,
26,215999,,0.00020356122695375234,,
26,216049,,9.969299571821466e-05,,
26,216099,,0.000449691986432299,,
26,216149,,8.087008609436452e-05,,
26,216199,,0.0001283525489270687,,
26,216249,,0.00028299985569901764,,
26,216299,,0.0001886031386675313,,
26,216349,,6.364706496242434e-05,,
26,216399,,0.0004445135418791324,,
26,216449,,7.772654498694465e-05,,
26,216499,,0.005177829414606094,,
26,216549,,9.010334179038182e-05,,
26,216599,,5.8553850976750255e-05,,
26,216649,,0.00010117433703271672,,
26,216699,,0.00011115917732240632,,
26,216749,,5.965605305391364e-05,,
26,216799,,0.0007279337733052671,,
26,216849,,0.0001344094634987414,,
26,216899,,0.0001083879906218499,,
26,216949,,0.00010665279114618897,,
26,216999,,5.4230498790275306e-05,,
26,217049,,0.00011618153803283349,,
26,217099,,0.0009434581734240055,,
26,217149,,0.00017961232515517622,,
26,217199,,5.3797324653714895e-05,,
26,217249,,0.0001450642303097993,,
26,217299,,0.00038278254214674234,,
26,217349,,0.0001016591559164226,,
26,217399,,7.015984010649845e-05,,
26,217449,,0.00010139832011191174,,
26,217499,,0.00019741439609788358,,
26,217549,,0.0001850268163252622,,
26,217599,,0.000536888197530061,,
26,217649,,0.0001221046841237694,,
26,217699,,0.00037673412589356303,,
26,217749,,0.00030462912400253117,,
26,217799,,7.071294385241345e-05,,
26,217849,,0.00014253202243708074,,
26,217899,,8.33884987514466e-05,,
26,217949,,9.577903256285936e-05,,
26,217999,,0.0001058244815794751,,
26,218049,,0.00017288592061959207,,
26,218099,,0.00010346378257963806,,
26,218149,,0.00409681536257267,,
26,218199,,0.0016481969505548477,,
26,218249,,0.000896753859706223,,
26,218299,,0.00019108681590296328,,
26,218349,,3.470458250376396e-05,,
26,218399,,0.00011308663670206442,,
26,218449,,0.0003670671139843762,,
26,218499,,0.0001346313365502283,,
26,218549,,0.0002502748975530267,,
26,218599,,0.00045979622518643737,,
26,218649,,0.0007384148193523288,,
26,218699,,9.154662257060409e-05,,
26,218749,,0.00014295309665612876,,
26,218799,,8.543884177925065e-05,,
26,218849,,8.476748917018995e-05,,
26,218899,,0.00014426048437599093,,
26,218949,,7.786530477460474e-05,,
26,218999,,0.00021085333719383925,,
26,219049,,0.0003530474496074021,,
26,219099,,0.00038547886651940644,,
26,219149,,0.0008910257020033896,,
26,219199,,0.003711937926709652,,
26,219249,,0.0001420482585672289,,
26,219299,,0.0001517515629529953,,
26,219349,,0.00027683895314112306,,
26,219399,,0.0001642822753638029,,
26,219428,,,0.0005722144269384444,0.0005722144269384444
26,219428,0.0004322292224969715,,,
27,219449,,0.00010409090464236215,,
27,219499,,0.0015005877939984202,,
27,219549,,9.279466030420735e-05,,
27,219599,,0.00010677575482986867,,
27,219649,,7.492749864468351e-05,,
27,219699,,4.871817145613022e-05,,
27,219749,,0.0004277403641026467,,
27,219799,,7.430883124470711e-05,,
27,219849,,0.00011831827578134835,,
27,219899,,0.00018130424723494798,,
27,219949,,0.000968880602158606,,
27,219999,,0.0001333709224127233,,
27,220049,,0.00012614276784006506,,
27,220099,,0.00020389592100400478,,
27,220149,,6.43802632112056e-05,,
27,220199,,0.00048641933244653046,,
27,220249,,3.000565993716009e-05,,
27,220299,,9.05451670405455e-05,,
27,220349,,0.00045762566151097417,,
27,220399,,0.00013291757204569876,,
27,220449,,0.0001025209276122041,,
27,220499,,0.00013455445878207684,,
27,220549,,8.848241850500926e-05,,
27,220599,,0.00016756096738390625,,
27,220649,,0.0005575979012064636,,
27,220699,,0.00013571853924077004,,
27,220749,,0.0002743018849287182,,
27,220799,,0.0019692557398229837,,
27,220849,,0.00018565299978945404,,
27,220899,,9.951604442903772e-05,,
27,220949,,0.00013902655337005854,,
27,220999,,0.00023831969883758575,,
27,221049,,5.75416925130412e-05,,
27,221099,,0.001056757173500955,,
27,221149,,0.0015308732399716973,,
27,221199,,0.00015055482799652964,,
27,221249,,0.0001248290209332481,,
27,221299,,0.00017274005222134292,,
27,221349,,6.331751501420513e-05,,
27,221399,,0.0001837980089476332,,
27,221449,,5.856427742401138e-05,,
27,221499,,0.00013580020458903164,,
27,221549,,0.0022385912016034126,,
27,221599,,0.00013823200424667448,,
27,221649,,0.0001397114247083664,,
27,221699,,7.59920512791723e-05,,
27,221749,,4.722754601971246e-05,,
27,221799,,8.378460915992036e-05,,
27,221849,,0.003459136700257659,,
27,221899,,0.00012086839706171304,,
27,221949,,0.0006205340032465756,,
27,221999,,0.0006113702547736466,,
27,222049,,0.00036095071118324995,,
27,222099,,0.00020998924446757883,,
27,222149,,8.143725426634774e-05,,
27,222199,,0.0005053328932262957,,
27,222249,,0.0006894920370541513,,
27,222299,,0.0003129228425677866,,
27,222349,,9.451623191125691e-05,,
27,222399,,6.368481263052672e-05,,
27,222449,,0.00021350958559196442,,
27,222499,,0.002942205872386694,,
27,222549,,0.00041930298903025687,,
27,222599,,0.000560110027436167,,
27,222649,,0.00032043151441030204,,
27,222699,,0.00019680170225910842,,
27,222749,,0.00015446162433363497,,
27,222799,,0.0001582941331434995,,
27,222849,,8.154514944180846e-05,,
27,222899,,0.0001808339438866824,,
27,222949,,8.928786701289937e-05,,
27,222999,,0.00027059606509283185,,
27,223049,,8.291812991956249e-05,,
27,223099,,0.000509750097990036,,
27,223149,,0.00022529863053932786,,
27,223199,,0.00011162440932821482,,
27,223249,,0.0019060170743614435,,
27,223299,,0.0004297304549254477,,
27,223349,,7.014003494987264e-05,,
27,223399,,0.00013843047781847417,,
27,223449,,0.0008340134518221021,,
27,223499,,0.000296362501103431,,
27,223549,,0.00015178395551629364,,
27,223599,,0.001237028045579791,,
27,223649,,0.0002245931827928871,,
27,223699,,0.0003508813970256597,,
27,223749,,0.0031700190156698227,,
27,223799,,8.970180351752788e-05,,
27,223849,,6.659764039795846e-05,,
27,223899,,0.0003732772311195731,,
27,223949,,0.00010321124136680737,,
27,223999,,0.00023087263980414718,,
27,224049,,0.00012065216287737712,,
27,224099,,0.0016879863105714321,,
27,224149,,0.0001410583354299888,,
27,224199,,0.0007827467634342611,,
27,224249,,0.0006516542052850127,,
27,224299,,7.32955668354407e-05,,
27,224349,,6.257458153413609e-05,,
27,224399,,0.00013447130913846195,,
27,224449,,0.0001757354475557804,,
27,224499,,0.00037198918289504945,,
27,224549,,0.00022201528190635145,,
27,224599,,0.00014353625010699034,,
27,224649,,0.00018491342780180275,,
27,224699,,0.0017749274848029017,,
27,224749,,0.0015926866326481104,,
27,224799,,0.00022791128139942884,,
27,224849,,0.000619989528786391,,
27,224899,,0.00010486089740879834,,
27,224949,,0.00024219774059019983,,
27,224999,,0.000115095084765926,,
27,225049,,0.0004304929170757532,,
27,225099,,9.357445378554985e-05,,
27,225149,,0.00012161630002083257,,
27,225199,,5.506654269993305e-05,,
27,225249,,0.00013899261830374599,,
27,225299,,0.00010143234976567328,,
27,225349,,0.00017219997243955731,,
27,225399,,0.0004239514528308064,,
27,225449,,0.000182163406861946,,
27,225499,,0.0007306365296244621,,
27,225549,,0.00020027763093821704,,
27,225599,,0.0011130814673379064,,
27,225649,,8.612571400590241e-05,,
27,225699,,0.0003241815138608217,,
27,225749,,0.0001565299608046189,,
27,225799,,0.00017890652816276997,,
27,225849,,9.963724005501717e-05,,
27,225899,,0.00019771649385802448,,
27,225949,,0.00020521238911896944,,
27,225999,,0.00020139466505497694,,
27,226049,,6.419120472855866e-05,,
27,226099,,0.00013277055404614657,,
27,226149,,8.71346055646427e-05,,
27,226199,,8.323881047545001e-05,,
27,226249,,0.00042950507486239076,,
27,226299,,0.0009311270550824702,,
27,226349,,0.00011076655937358737,,
27,226399,,0.00033044733572751284,,
27,226449,,6.550361285917461e-05,,
27,226499,,0.00016624957788735628,,
27,226549,,0.0024445445742458105,,
27,226599,,0.0023725226055830717,,
27,226649,,0.00036259397165849805,,
27,226699,,0.0006938335718587041,,
27,226749,,0.00044710052316077054,,
27,226799,,0.0002491298655513674,,
27,226849,,0.00042165612103417516,,
27,226899,,0.00027105421759188175,,
27,226949,,0.0002192856918554753,,
27,226999,,0.00014632901002187282,,
27,227049,,9.059071453521028e-05,,
27,227099,,0.000375936011550948,,
27,227149,,0.0008062310516834259,,
27,227199,,0.00012220526696182787,,
27,227249,,0.00023085561406333,,
27,227299,,0.00012705476547125727,,
27,227349,,0.000985549995675683,,
27,227399,,0.0007694477681070566,,
27,227449,,0.00017608435882721096,,
27,227499,,0.0012927204370498657,,
27,227549,,6.802344432799146e-05,,
27,227555,,,0.0005339112249203026,0.0005339112249203026
27,227555,0.0004230892227496952,,,
28,227599,,0.00013623185805045068,,
28,227649,,8.163728489307687e-05,,
28,227699,,6.705499981762841e-05,,
28,227749,,0.00019699004769790918,,
28,227799,,6.475984991993755e-05,,
28,227849,,5.989658893668093e-05,,
28,227899,,0.000355792319169268,,
28,227949,,6.246878911042586e-05,,
28,227999,,6.553596176672727e-05,,
28,228049,,0.00013843517808709294,,
28,228099,,0.0002502451534382999,,
28,228149,,0.0005983882583677769,,
28,228199,,0.00014934637874830514,,
28,228249,,0.0016043599462136626,,
28,228299,,0.0004288663621991873,,
28,228349,,8.92039097379893e-05,,
28,228399,,0.00012453565432224423,,
28,228449,,0.00010496992763364688,,
28,228499,,7.145723066059873e-05,,
28,228549,,0.0007896681199781597,,
28,228599,,0.0001863345387391746,,
28,228649,,4.613890632754192e-05,,
28,228699,,0.00023957554367370903,,
28,228749,,0.0004779909213539213,,
28,228799,,0.00012499321019276977,,
28,228849,,0.00034477520966902375,,
28,228899,,0.0005379640497267246,,
28,228949,,8.400786464335397e-05,,
28,228999,,7.310008368222043e-05,,
28,229049,,0.00010094563913298771,,
28,229099,,0.00015343664563260972,,
28,229149,,8.656129648443311e-05,,
28,229199,,6.468121864600107e-05,,
28,229249,,9.164970833808184e-05,,
28,229299,,7.426672527799383e-05,,
28,229349,,9.735743515193462e-05,,
28,229399,,9.078603034140542e-05,,
28,229449,,0.0011397385969758034,,
28,229499,,0.00022316121612675488,,
28,229549,,0.0003202717925887555,,
28,229599,,7.210734474938363e-05,,
28,229649,,0.00023447071725968271,,
28,229699,,0.0001633551437407732,,
28,229749,,0.0016653822967782617,,
28,229799,,0.0004250605124980211,,
28,229849,,0.0002340156934224069,,
28,229899,,0.00044797093141824007,,
28,229949,,0.00011508725583553314,,
28,229999,,7.370066305156797e-05,,
28,230049,,0.0002730834821704775,,
28,230099,,0.0008709332323633134,,
28,230149,,0.001412243233062327,,
28,230199,,7.910325075499713e-05,,
28,230249,,0.0001195636359625496,,
28,230299,,7.50905746826902e-05,,
28,230349,,0.0005501708365045488,,
28,230399,,6.934095290489495e-05,,
28,230449,,0.0010188574669882655,,
28,230499,,9.138425957644358e-05,,
28,230549,,0.00039161284803412855,,
28,230599,,8.11789941508323e-05,,
28,230649,,0.0001473922748118639,,
28,230699,,9.202348155668005e-05,,
28,230749,,0.00017863899120129645,,
28,230799,,0.0025662146508693695,,
28,230849,,0.0004586129216477275,,
28,230899,,0.0001940380607265979,,
28,230949,,0.00024278229102492332,,
28,230999,,0.00022003348567523062,,
28,231049,,7.402744085993618e-05,,
28,231099,,0.00014683112385682762,,
28,231149,,0.0002685940416995436,,
28,231199,,8.722221537027508e-05,,
28,231249,,0.0005502020358107984,,
28,231299,,0.00012111956311855465,,
28,231349,,0.008460222743451595,,
28,231399,,9.77398085524328e-05,,
28,231449,,8.863769471645355e-05,,
28,231499,,0.00010488232510397211,,
28,231549,,0.000334654760081321,,
28,231599,,0.00018323803669773042,,
28,231649,,0.00010698472760850564,,
28,231699,,0.00021409626060631126,,
28,231749,,0.0003725913993548602,,
28,231799,,0.00028803941677324474,,
28,231849,,0.00010882345668505877,,
28,231899,,0.0001998671068577096,,
28,231949,,0.002148602856323123,,
28,231999,,0.000237198531976901,,
28,232049,,0.00013358554861042649,,
28,232099,,5.7477576774545014e-05,,
28,232149,,0.00010022490459959954,,
28,232199,,0.00031044078059494495,,
28,232249,,9.794392826734111e-05,,
28,232299,,0.0001702218287391588,,
28,232349,,0.0001315366680501029,,
28,232399,,7.208206807263196e-05,,
28,232449,,0.00011647483916021883,,
28,232499,,0.00020725767535623163,,
28,232549,,9.629422129364684e-05,,
28,232599,,0.00012177995085949078,,
28,232649,,0.0002824890543706715,,
28,232699,,7.648985047126189e-05,,
28,232749,,0.00015192980936262757,,
28,232799,,6.172910070745274e-05,,
28,232849,,0.00024051079526543617,,
28,232899,,0.0001573136541992426,,
28,232949,,0.0002686514053493738,,
28,232999,,0.00024220529303420335,,
28,233049,,9.516103455098346e-05,,
28,233099,,0.0004893881850875914,,
28,233149,,0.0001658915134612471,,
28,233199,,8.537368557881564e-05,,
28,233249,,8.849042205838487e-05,,
28,233299,,0.0008616508566774428,,
28,233349,,0.0002789199643302709,,
28,233399,,0.0006038948195055127,,
28,233449,,7.453917351085693e-05,,
28,233499,,0.0002734423615038395,,
28,233549,,0.0013675086665898561,,
28,233599,,0.00019317198893986642,,
28,233649,,0.00012169803085271269,,
28,233699,,6.681367813143879e-05,,
28,233749,,0.00011718040332198143,,
28,233799,,0.00011246622307226062,,
28,233849,,7.083638047333807e-05,,
28,233899,,9.719936497276649e-05,,
28,233949,,8.701265323907137e-05,,
28,233999,,8.840661030262709e-05,,
28,234049,,0.0007642046548426151,,
28,234099,,0.00015976771828718483,,
28,234149,,9.190278069581836e-05,,
28,234199,,0.0015059738652780652,,
28,234249,,0.00013083810335956514,,
28,234299,,0.00043622369412332773,,
28,234349,,6.97809737175703e-05,,
28,234399,,0.0001468520931666717,,
28,234449,,6.906768976477906e-05,,
28,234499,,0.00012582782073877752,,
28,234549,,0.0004062014340888709,,
28,234599,,0.00033872053609229624,,
28,234649,,5.513374344445765e-05,,
28,234699,,5.6228163884952664e-05,,
28,234749,,0.0020011174492537975,,
28,234799,,0.00016198016237467527,,
28,234849,,0.00026081677060574293,,
28,234899,,0.0008937538368627429,,
28,234949,,0.0002073269133688882,,
28,234999,,0.00020755059085786343,,
28,235049,,0.00042316518374718726,,
28,235099,,0.0021586844231933355,,
28,235149,,0.0001677869149716571,,
28,235199,,0.002883462468162179,,
28,235249,,0.00018274049216415733,,
28,235299,,9.08045913092792e-05,,
28,235349,,9.786062582861632e-05,,
28,235399,,0.00013567569840233773,,
28,235449,,8.875566709320992e-05,,
28,235499,,0.00014856406778562814,,
28,235549,,0.00012680699001066387,,
28,235599,,0.0015418893890455365,,
28,235649,,8.006854477571324e-05,,
28,235682,,,0.0005390977603383362,0.0005390977603383362
28,235682,0.00041687433258630335,,,
29,235699,,9.25917993299663e-05,,
29,235749,,0.00034773722290992737,,
29,235799,,0.000328287307638675,,
29,235849,,8.988489571493119e-05,,
29,235899,,0.0002450461615808308,,
29,235949,,0.00019406706269364804,,
29,235999,,0.00025001514586620033,,
29,236049,,0.0001471125870011747,,
29,236099,,0.0004106767592020333,,
29,236149,,0.00015761282702442259,,
29,236199,,4.9343892897013575e-05,,
29,236249,,0.00047718334826640785,,
29,236299,,0.00016164661792572588,,
29,236349,,0.0005222326144576073,,
29,236399,,0.0006834110245108604,,
29,236449,,6.936321005923674e-05,,
29,236499,,0.00010420118633192033,,
29,236549,,0.00013915151066612452,,
29,236599,,8.373784658033401e-05,,
29,236649,,6.838015542598441e-05,,
29,236699,,0.0004611111944541335,,
29,236749,,0.000380635290639475,,
29,236799,,0.00014941775589250028,,
29,236849,,9.126250370172784e-05,,
29,236899,,0.0008250497630797327,,
29,236949,,0.0002551312209106982,,
29,236999,,6.274035695241764e-05,,
29,237049,,6.617399048991501e-05,,
29,237099,,0.0011244184570387006,,
29,237149,,0.00011826580157503486,,
29,237199,,0.00012612281716428697,,
29,237249,,7.013219874352217e-05,,
29,237299,,5.585079998127185e-05,,
29,237349,,8.760447235545143e-05,,
29,237399,,0.00012076889106538147,,
29,237449,,0.00015602385974489152,,
29,237499,,7.016163726802915e-05,,
29,237549,,0.00010787836799863726,,
29,237599,,0.002403137506917119,,
29,237649,,0.00019631815666798502,,
29,237699,,0.0002398001670371741,,
29,237749,,0.0001593135966686532,,
29,237799,,0.0005285696242935956,,
29,237849,,0.00018257281044498086,,
29,237899,,8.464515849482268e-05,,
29,237949,,0.0003075693384744227,,
29,237999,,0.00010506073158467188,,
29,238049,,9.159958426607773e-05,,
29,238099,,0.00010523642413318157,,
29,238149,,8.069084287853912e-05,,
29,238199,,7.463461952283978e-05,,
29,238249,,0.00017424191173631698,,
29,238299,,6.290326564339921e-05,,
29,238349,,5.985099051031284e-05,,
29,238399,,0.002772888168692589,,
29,238449,,0.00010979839862557128,,
29,238499,,9.649748244555667e-05,,
29,238549,,0.00011769593402277678,,
29,238599,,0.0003581440541893244,,
29,238649,,0.0001860693737398833,,
29,238699,,0.0004582342808134854,,
29,238749,,0.00014613827806897461,,
29,238799,,0.00016083510126918554,,
29,238849,,0.00016421006876043975,,
29,238899,,0.00013487129763234407,,
29,238949,,4.423259088071063e-05,,
29,238999,,0.0011339394841343164,,
29,239049,,0.00013653942733071744,,
29,239099,,0.002698110183700919,,
29,239149,,0.004547677468508482,,
29,239199,,0.00012112782860640436,,
29,239249,,0.001307214261032641,,
29,239299,,0.0002219871967099607,,
29,239349,,0.00017560014384798706,,
29,239399,,6.530260725412518e-05,,
29,239449,,0.00022578657080885023,,
29,239499,,0.000141579017508775,,
29,239549,,0.00018435555102769285,,
29,239599,,0.0001477264886489138,,
29,239649,,8.271940896520391e-05,,
29,239699,,0.0006211873260326684,,
29,239749,,5.688266537617892e-05,,
29,239799,,0.00022796730627305806,,
29,239849,,0.0003337126399856061,,
29,239899,,0.00013488755212165415,,
29,239949,,0.00021496176486834884,,
29,239999,,0.0002775278117042035,,
29,240049,,0.00037373407394625247,,
29,240099,,0.00012235254689585418,,
29,240149,,0.00042944919550791383,,
29,240199,,0.000979909673333168,,
29,240249,,0.0001327844220213592,,
29,240299,,7.405621727230027e-05,,
29,240349,,0.0012857374968007207,,
29,240399,,0.0001595112116774544,,
29,240449,,0.0015287618152797222,,
29,240499,,8.244519995059818e-05,,
29,240549,,0.00013771382509730756,,
29,240599,,0.002274629659950733,,
29,240649,,0.0003286621067672968,,
29,240699,,7.23225821275264e-05,,
29,240749,,0.0002711585839278996,,
29,240799,,0.00011640801676549017,,
29,240849,,0.002749317791312933,,
29,240899,,9.378975664731115e-05,,
29,240949,,0.0004293477104511112,,
29,240999,,0.00030852979398332536,,
29,241049,,0.0003589297703001648,,
29,241099,,5.4479693062603474e-05,,
29,241149,,6.542309711221606e-05,,
29,241199,,9.70252585830167e-05,,
29,241249,,0.0008797124028205872,,
29,241299,,0.0001719366991892457,,
29,241349,,0.00010122507956111804,,
29,241399,,0.00040976182208396494,,
29,241449,,0.000123549674754031,,
29,241499,,0.00014685360656585544,,
29,241549,,0.00010585074051050469,,
29,241599,,0.0002017974475165829,,
29,241649,,0.00029733270639553666,,
29,241699,,0.00012684459215961397,,
29,241749,,0.0007215780206024647,,
29,241799,,0.00013446022057905793,,
29,241849,,0.0001805785286705941,,
29,241899,,0.000495958374813199,,
29,241949,,0.00014719546015840024,,
29,241999,,0.0002928599715232849,,
29,242049,,0.0007575568743050098,,
29,242099,,0.000645350432023406,,
29,242149,,0.00011948795872740448,,
29,242199,,0.0003861988370772451,,
29,242249,,0.0024025016464293003,,
29,242299,,0.00014816859038546681,,
29,242349,,0.0037723679561167955,,
29,242399,,7.787862705299631e-05,,
29,242449,,0.0003450774238444865,,
29,242499,,0.00011100791743956506,,
29,242549,,0.0001017308168229647,,
29,242599,,0.00019428871746640652,,
29,242649,,0.0002977849217131734,,
29,242699,,0.00010626937728375196,,
29,242749,,0.0017307780217379332,,
29,242799,,0.0005285601946525276,,
29,242849,,0.00020816126198042184,,
29,242899,,0.0025146091356873512,,
29,242949,,0.0007813083939254284,,
29,242999,,0.0016966068651527166,,
29,243049,,5.889155363547616e-05,,
29,243099,,0.0006353334174491465,,
29,243149,,0.00023763612261973321,,
29,243199,,0.00010851622209884226,,
29,243249,,0.00011289053509244695,,
29,243299,,0.00010652708442648873,,
29,243349,,0.00011893863847944885,,
29,243399,,0.0005461180116981268,,
29,243449,,0.00017018869402818382,,
29,243499,,0.0001227117027156055,,
29,243549,,5.5296579375863075e-05,,
29,243599,,8.703935600351542e-05,,
29,243649,,0.00013294407108332962,,
29,243699,,0.0013229121686890721,,
29,243749,,0.00021345564164221287,,
29,243799,,0.00010812428081408143,,
29,243809,,,0.0005527101457118988,0.0005527101457118988
29,243809,0.00041146622970700264,,,
30,243849,,5.303756915964186e-05,,
30,243899,,0.0005471684271469712,,
30,243949,,0.00018049498612526804,,
30,243999,,0.00011934970098081976,,
30,244049,,0.00013149625738151371,,
30,244099,,0.0002808723656926304,,
30,244149,,0.000128257175674662,,
30,244199,,0.0035685759503394365,,
30,244249,,0.0004015898157376796,,
30,244299,,0.00021780433598905802,,
30,244349,,4.838403401663527e-05,,
30,244399,,0.000265649170614779,,
30,244449,,0.0001064507378032431,,
30,244499,,0.0007021036581136286,,
30,244549,,0.00020603531447704881,,
30,244599,,0.0015771414618939161,,
30,244649,,0.00010350262164138258,,
30,244699,,5.141196743352339e-05,,
30,244749,,0.00012277724454179406,,
30,244799,,0.0012395665980875492,,
30,244849,,0.00021353623014874756,,
30,244899,,0.0022974140010774136,,
30,244949,,0.0001455078017897904,,
30,244999,,6.041996675776318e-05,,
30,245049,,0.0015311276074498892,,
30,245099,,7.176346116466448e-05,,
30,245149,,5.869565939065069e-05,,
30,245199,,8.818481001071632e-05,,
30,245249,,0.0036955869290977716,,
30,245299,,8.213210094254464e-05,,
30,245349,,6.841170397819951e-05,,
30,245399,,6.165465310914442e-05,,
30,245449,,0.0003811222850345075,,
30,245499,,5.044241697760299e-05,,
30,245549,,0.00023613759549334645,,
30,245599,,6.047386705176905e-05,,
30,245649,,3.4489756217226386e-05,,
30,245699,,7.812766853021458e-05,,
30,245749,,0.00010630363976815715,,
30,245799,,0.0001253245718544349,,
30,245849,,9.174048318527639e-05,,
30,245899,,8.941680425778031e-05,,
30,245949,,5.922531272517517e-05,,
30,245999,,0.0024696385953575373,,
30,246049,,0.00016855003195814788,,
30,246099,,0.0003362724091857672,,
30,246149,,0.0001481576036894694,,
30,246199,,0.0004029826959595084,,
30,246249,,0.00010288770863553509,,
30,246299,,0.0002089833142235875,,
30,246349,,0.00010817830479936674,,
30,246399,,0.00013737744302488863,,
30,246449,,0.00010408989328425378,,
30,246499,,0.0002040270483121276,,
30,246549,,7.111598824849352e-05,,
30,246599,,5.9381258324719965e-05,,
30,246649,,0.00032819510670378804,,
30,246699,,0.0005449329037219286,,
30,246749,,0.0008071232005022466,,
30,246799,,0.0005323186633177102,,
30,246849,,0.00028042958001606166,,
30,246899,,8.271598198916763e-05,,
30,246949,,0.00015849556075409055,,
30,246999,,0.00013810065865982324,,
30,247049,,0.00016171623428817838,,
30,247099,,5.863060869160108e-05,,
30,247149,,6.900422886246815e-05,,
30,247199,,0.0007568373694084585,,
30,247249,,6.15625103819184e-05,,
30,247299,,6.104138446971774e-05,,
30,247349,,0.0006223376258276403,,
30,247399,,0.0014481564285233617,,
30,247449,,0.0004135275958105922,,
30,247499,,8.093508949968964e-05,,
30,247549,,0.0009271525777876377,,
30,247599,,0.00409705750644207,,
30,247649,,7.644906145287678e-05,,
30,247699,,6.348118768073618e-05,,
30,247749,,0.00015893703675828874,,
30,247799,,0.00012765868450514972,,
30,247849,,0.0037731165066361427,,
30,247899,,0.0002873620833270252,,
30,247949,,8.53872115840204e-05,,
30,247999,,0.0002134272363036871,,
30,248049,,0.00012633641017600894,,
30,248099,,3.710243254317902e-05,,
30,248149,,0.0009561731712892652,,
30,248199,,0.00015034779789857566,,
30,248249,,5.9702113503590226e-05,,
30,248299,,0.00019744134624488652,,
30,248349,,5.1465769502101466e-05,,
30,248399,,0.0003584174846764654,,
30,248449,,5.953418440185487e-05,,
30,248499,,6.981584010645747e-05,,
30,248549,,0.0001386772346450016,,
30,248599,,0.00017646457126829773,,
30,248649,,0.00011202650057384744,,
30,248699,,8.489772881148383e-05,,
30,248749,,7.027715764706954e-05,,
30,248799,,6.953928095754236e-05,,
30,248849,,7.057233597151935e-05,,
30,248899,,0.00022678505047224462,,
30,248949,,0.0001619548856979236,,
30,248999,,0.00010841160838026553,,
30,249049,,5.88604889344424e-05,,
30,249099,,0.001785255502909422,,
30,249149,,0.0001493393792770803,,
30,249199,,0.0004201626288704574,,
30,249249,,0.0005719346227124333,,
30,249299,,0.00020326660887803882,,
30,249349,,0.00019246478041168302,,
30,249399,,0.00011220605665585026,,
30,249449,,0.0032970153260976076,,
30,249499,,0.0001094094623113051,,
30,249549,,0.0006560385809279978,,
30,249599,,0.0006969514070078731,,
30,249649,,0.0002545536553952843,,
30,249699,,0.0001527989807073027,,
30,249749,,7.201129483291879e-05,,
30,249799,,0.00025410609669052064,,
30,249849,,0.00010200024553341791,,
30,249899,,0.00017770392878446728,,
30,249949,,0.0020138341933488846,,
30,249999,,3.0564617190975696e-05,,
30,250049,,0.00031455306452699006,,
30,250099,,6.244568794500083e-05,,
30,250149,,0.001318234484642744,,
30,250199,,9.561560000292957e-05,,
30,250249,,0.00017913513875100762,,
30,250299,,0.0001655320666031912,,
30,250349,,0.00016633240738883615,,
30,250399,,0.00016922011855058372,,
30,250449,,0.0015127751976251602,,
30,250499,,0.00010361681779613718,,
30,250549,,0.002755108056589961,,
30,250599,,0.000106198298453819,,
30,250649,,0.00018041302973870188,,
30,250699,,0.0011568162590265274,,
30,250749,,0.00029931837343610823,,
30,250799,,0.0002785836113616824,,
30,250849,,0.003108682343736291,,
30,250899,,8.243330375989899e-05,,
30,250949,,0.0008236836874857545,,
30,250999,,6.832952203694731e-05,,
30,251049,,5.864790000487119e-05,,
30,251099,,0.00024292698071803898,,
30,251149,,6.423598097171634e-05,,
30,251199,,6.97299255989492e-05,,
30,251249,,0.0001643594732740894,,
30,251299,,0.0002580576983746141,,
30,251349,,0.00044068897841498256,,
30,251399,,9.939910523826256e-05,,
30,251449,,0.0001859914482338354,,
30,251499,,8.888857701094821e-05,,
30,251549,,7.301921141333878e-05,,
30,251599,,9.750237222760916e-05,,
30,251649,,0.00013693411892745644,,
30,251699,,0.00010910841956501827,,
30,251749,,0.00023640149447601289,,
30,251799,,0.00014571806241292506,,
30,251849,,0.00011471186007838696,,
30,251899,,0.0005534437368623912,,
30,251936,,,0.0005317984614521265,0.0005317984614521265
30,251936,0.0004060643259435892,,,
31,251949,,6.110262620495632e-05,,
31,251999,,0.005745284724980593,,
31,252049,,0.00014321159687824547,,
31,252099,,0.00014362377987708896,,
31,252149,,9.010669600684196e-05,,
31,252199,,0.0002983353042509407,,
31,252249,,7.677353278268129e-05,,
31,252299,,0.005690696649253368,,
31,252349,,0.0022275198716670275,,
31,252399,,0.00026061810785904527,,
31,252449,,0.0004894428420811892,,
31,252499,,7.169559830799699e-05,,
31,252549,,0.0006308377487584949,,
31,252599,,7.742767047602683e-05,,
31,252649,,0.00013747811317443848,,
31,252699,,0.00018646301759872586,,
31,252749,,6.017359555698931e-05,,
31,252799,,7.854928117012605e-05,,
31,252849,,0.00018568805535323918,,
31,252899,,6.621267675654963e-05,,
31,252949,,0.000696337956469506,,
31,252999,,0.00013223272981122136,,
31,253049,,0.0005150377401150763,,
31,253099,,6.944848428247496e-05,,
31,253149,,8.17750915302895e-05,,
31,253199,,0.00034849561052396894,,
31,253249,,0.00011130396160297096,,
31,253299,,0.000867948227096349,,
31,253349,,5.86137393838726e-05,,
31,253399,,9.657886403147131e-05,,
31,253449,,0.00023604270245414227,,
31,253499,,0.0005977292894385755,,
31,253549,,0.00023473473265767097,,
31,253599,,0.00104333006311208,,
31,253649,,0.0002507652679923922,,
31,253699,,7.826414366718382e-05,,
31,253749,,6.945536733837798e-05,,
31,253799,,0.0001150556854554452,,
31,253849,,9.955593122867867e-05,,
31,253899,,0.00039875428774394095,,
31,253949,,7.618710515089333e-05,,
31,253999,,0.0026164355222135782,,
31,254049,,5.576408511842601e-05,,
31,254099,,4.534484469331801e-05,,
31,254149,,0.00015743683616165072,,
31,254199,,8.404743857681751e-05,,
31,254249,,6.755971844540909e-05,,
31,254299,,0.000239182059885934,,
31,254349,,0.00011634648399194703,,
31,254399,,0.002091469708830118,,
31,254449,,0.00010464300430612639,,
31,254499,,0.0003994863072875887,,
31,254549,,0.0005024648271501064,,
31,254599,,0.0007096930057741702,,
31,254649,,0.0011778046609833837,,
31,254699,,0.00010857504821615294,,
31,254749,,9.787993622012436e-05,,
31,254799,,0.00011573104711715132,,
31,254849,,6.873044912936166e-05,,
31,254899,,0.0003982874914072454,,
31,254949,,0.00043103398638777435,,
31,254999,,0.00027014187071472406,,
31,255049,,0.00011463280679890886,,
31,255099,,7.589307642774656e-05,,
31,255149,,5.735665399697609e-05,,
31,255199,,0.0004155307251494378,,
31,255249,,0.0001339955924777314,,
31,255299,,0.000330400827806443,,
31,255349,,0.0002999909338541329,,
31,255399,,0.0006090787937864661,,
31,255449,,0.00038685096660628915,,
31,255499,,0.00011954479850828648,,
31,255549,,0.00021047117479611188,,
31,255599,,8.636435813969001e-05,,
31,255649,,0.0043080938048660755,,
31,255699,,5.274642171571031e-05,,
31,255749,,0.00018672258011065423,,
31,255799,,0.00034375564428046346,,
31,255849,,0.0020556875970214605,,
31,255899,,0.00012367346789687872,,
31,255949,,0.00035625247983261943,,
31,255999,,0.00021117640426382422,,
31,256049,,0.00039202981861308217,,
31,256099,,0.0008422468090429902,,
31,256149,,0.0016798479482531548,,
31,256199,,7.969464786583558e-05,,
31,256249,,4.566110874293372e-05,,
31,256299,,0.0014132836367934942,,
31,256349,,0.00015072477981448174,,
31,256399,,5.766928370576352e-05,,
31,256449,,9.068181680049747e-05,,
31,256499,,0.0007914637681096792,,
31,256549,,0.00019562615489121526,,
31,256599,,0.0015303049003705382,,
31,256649,,0.00019777772831730545,,
31,256699,,0.0002511630009394139,,
31,256749,,0.00015513510152231902,,
31,256799,,0.0003221075457986444,,
31,256849,,0.0007682081777602434,,
31,256899,,0.00011441692913649604,,
31,256949,,0.0003208019770681858,,
31,256999,,6.917089194757864e-05,,
31,257049,,7.659872062504292e-05,,
31,257099,,5.936620436841622e-05,,
31,257149,,0.0025121476501226425,,
31,257199,,0.000622810737695545,,
31,257249,,0.00011594626266742125,,
31,257299,,0.00011745629308279604,,
31,257349,,5.5098538723541424e-05,,
31,257399,,0.00010073276644106954,,
31,257449,,0.00010353660036344081,,
31,257499,,0.0003178706974722445,,
31,257549,,7.694601663388312e-05,,
31,257599,,0.0001101631423807703,,
31,257649,,0.0003413247468415648,,
31,257699,,0.0020542386919260025,,
31,257749,,8.872626494849101e-05,,
31,257799,,0.0006286140996962786,,
31,257849,,0.00010462875798111781,,
31,257899,,0.000512795289978385,,
31,257949,,0.0002252295962534845,,
31,257999,,0.0002852677134796977,,
31,258049,,0.00010970499715767801,,
31,258099,,0.00016021568444557488,,
31,258149,,0.00010881325579248369,,
31,258199,,0.0004982953541912138,,
31,258249,,6.727263098582625e-05,,
31,258299,,0.0002343172673135996,,
31,258349,,0.00013684347504749894,,
31,258399,,7.464430382242426e-05,,
31,258449,,0.00011717405868694186,,
31,258499,,6.862029840704054e-05,,
31,258549,,6.534536078106612e-05,,
31,258599,,6.299332744674757e-05,,
31,258649,,0.00014222986646927893,,
31,258699,,0.0001559779339004308,,
31,258749,,0.00034002764732576907,,
31,258799,,9.332122135674581e-05,,
31,258849,,0.00017324059444945306,,
31,258899,,0.0001960348745342344,,
31,258949,,0.00038243402377702296,,
31,258999,,0.0003138899337500334,,
31,259049,,0.00019324291497468948,,
31,259099,,0.0001944183313753456,,
31,259149,,0.0007668692269362509,,
31,259199,,0.000353721174178645,,
31,259249,,0.00037541543133556843,,
31,259299,,0.00010591131285764277,,
31,259349,,0.0006846102769486606,,
31,259399,,0.00014189926150720567,,
31,259449,,0.00011182788875885308,,
31,259499,,5.676897126249969e-05,,
31,259549,,0.0002439273230265826,,
31,259599,,0.001208233879879117,,
31,259649,,0.0005030022584833205,,
31,259699,,0.00012259952200111002,,
31,259749,,8.730521949473768e-05,,
31,259799,,0.0017070077592507005,,
31,259849,,0.00016764704196248204,,
31,259899,,0.0008221361204050481,,
31,259949,,6.212245352799073e-05,,
31,259999,,0.000561215216293931,,
31,260049,,0.00010877918975893408,,
31,260063,,,0.0005234621930867434,0.0005234621930867434
31,260063,0.0004005218797829002,,,
32,260099,,0.00016461926861666143,,
32,260149,,3.609180566854775e-05,,
32,260199,,0.00018392244237475097,,
32,260249,,0.00014608100173063576,,
32,260299,,7.88163670222275e-05,,
32,260349,,9.767233132151887e-05,,
32,260399,,9.723228868097067e-05,,
32,260449,,0.00021499439026229084,,
32,260499,,0.00017494443454779685,,
32,260549,,6.207984552020207e-05,,
32,260599,,0.0002003277331823483,,
32,260649,,0.0002521816932130605,,
32,260699,,0.00020125688752159476,,
32,260749,,6.370846676873043e-05,,
32,260799,,0.00032839865889400244,,
32,260849,,0.00017706626385916024,,
32,260899,,0.0004521852533798665,,
32,260949,,0.0007852949784137309,,
32,260999,,5.244186468189582e-05,,
32,261049,,0.0002386303967796266,,
32,261099,,0.00014976825332269073,,
32,261149,,0.000699558004271239,,
32,261199,,7.96304302639328e-05,,
32,261249,,0.00016395644342992455,,
32,261299,,9.15779237402603e-05,,
32,261349,,6.422158912755549e-05,,
32,261399,,0.00022742716828361154,,
32,261449,,0.00044053563033230603,,
32,261499,,0.00016681011766195297,,
32,261549,,0.00012031699588987976,,
32,261599,,9.680155926616862e-05,,
32,261649,,0.00032305516651831567,,
32,261699,,0.00027088672504760325,,
32,261749,,0.00021103215112816542,,
32,261799,,0.0002675569849088788,,
32,261849,,0.0005865527782589197,,
32,261899,,9.942811448127031e-05,,
32,261949,,0.0001392083941027522,,
32,261999,,5.45449584024027e-05,,
32,262049,,0.00018889916827902198,,
32,262099,,0.00011075721704401076,,
32,262149,,0.0007444777293130755,,
32,262199,,8.592406811658293e-05,,
32,262249,,9.421731374459341e-05,,
32,262299,,0.00017302369815297425,,
32,262349,,6.386273889802396e-05,,
32,262399,,0.00010400939208921045,,
32,262449,,0.00046013781684450805,,
32,262499,,8.639237057650462e-05,,
32,262549,,8.262113260570914e-05,,
32,262599,,9.481771849095821e-05,,
32,262649,,7.493536395486444e-05,,
32,262699,,0.00013167057477403432,,
32,262749,,5.052915003034286e-05,,
32,262799,,0.000149073195643723,,
32,262849,,4.797209840035066e-05,,
32,262899,,3.389224730199203e-05,,
32,262949,,0.000110080603917595,,
32,262999,,0.0009686007397249341,,
32,263049,,0.00011933791392948478,,
32,263099,,0.00012257149501238018,,
32,263149,,0.002998494077473879,,
32,263199,,0.0010395620483905077,,
32,263249,,0.00032366407685913146,,
32,263299,,0.0008351116557605565,,
32,263349,,4.535635525826365e-05,,
32,263399,,0.00031051450059749186,,
32,263449,,0.00010019541514338925,,
32,263499,,9.594448783900589e-05,,
32,263549,,0.000274421414360404,,
32,263599,,0.00013711454812437296,,
32,263649,,0.0009434695821255445,,
32,263699,,0.00012121044710511342,,
32,263749,,0.00016548806161154062,,
32,263799,,0.0003727535076905042,,
32,263849,,5.468563540489413e-05,,
32,263899,,0.001502329483628273,,
32,263949,,0.00021571874094661325,,
32,263999,,0.0002164977922802791,,
32,264049,,7.453846046701074e-05,,
32,264099,,5.046806109021418e-05,,
32,264149,,0.00032537360675632954,,
32,264199,,0.0007019939948804677,,
32,264249,,7.484776870114729e-05,,
32,264299,,0.0002385220432188362,,
32,264349,,9.473449608776718e-05,,
32,264399,,0.00024503981694579124,,
32,264449,,6.848012708360329e-05,,
32,264499,,9.179210610454902e-05,,
32,264549,,9.751760080689564e-05,,
32,264599,,0.00016469221736770123,,
32,264649,,0.00012154840078437701,,
32,264699,,0.00014998423284851015,,
32,264749,,0.00011646100756479427,,
32,264799,,9.586228406988084e-05,,
32,264849,,0.00015857996186241508,,
32,264899,,5.115153908263892e-05,,
32,264949,,0.0002779640781227499,,
32,264999,,0.0002059812395600602,,
32,265049,,0.00017049998859874904,,
32,265099,,0.00017609246424399316,,
32,265149,,0.00010318746353732422,,
32,265199,,0.0001264790480490774,,
32,265249,,8.019018423510715e-05,,
32,265299,,0.0001688180200289935,,
32,265349,,9.839756967267022e-05,,
32,265399,,0.0009374580113217235,,
32,265449,,7.998835644684732e-05,,
32,265499,,8.670075476402417e-05,,
32,265549,,0.00011098961113020778,,
32,265599,,9.952156688086689e-05,,
32,265649,,9.974197018891573e-05,,
32,265699,,0.00022736987739335746,,
32,265749,,0.0008544120937585831,,
32,265799,,0.0001927485573105514,,
32,265849,,0.003286758903414011,,
32,265899,,0.0005307396058924496,,
32,265949,,4.3108477257192135e-05,,
32,265999,,8.491263724863529e-05,,
32,266049,,8.994666859507561e-05,,
32,266099,,6.372889765771106e-05,,
32,266149,,0.00014571304200217128,,
32,266199,,0.0017034763004630804,,
32,266249,,0.00016915083688218147,,
32,266299,,0.00014153933443594724,,
32,266349,,0.0002487787278369069,,
32,266399,,0.00015730301674921066,,
32,266449,,0.0008401618106290698,,
32,266499,,0.00028915292932651937,,
32,266549,,0.0014327807584777474,,
32,266599,,4.822614209842868e-05,,
32,266649,,7.739563443465158e-05,,
32,266699,,0.00036315948818810284,,
32,266749,,0.00013961906370241195,,
32,266799,,6.311879405984655e-05,,
32,266849,,9.905960178002715e-05,,
32,266899,,9.76465962594375e-05,,
32,266949,,8.257965237135068e-05,,
32,266999,,0.00013422031770460308,,
32,267049,,0.0002551722864154726,,
32,267099,,9.081687312573195e-05,,
32,267149,,3.658197238110006e-05,,
32,267199,,0.0002221627946710214,,
32,267249,,7.789032679283991e-05,,
32,267299,,0.004436558112502098,,
32,267349,,0.00012169883120805025,,
32,267399,,8.631194214103743e-05,,
32,267449,,0.0009231675649061799,,
32,267499,,9.213762677973136e-05,,
32,267549,,8.729885303182527e-05,,
32,267599,,0.00033149399678222835,,
32,267649,,0.00014051956532057375,,
32,267699,,0.00017847921117208898,,
32,267749,,0.0017068516463041306,,
32,267799,,5.2717674407176673e-05,,
32,267849,,0.0006210004212334752,,
32,267899,,0.0012474121758714318,,
32,267949,,0.00013770506484434009,,
32,267999,,0.0002505565353203565,,
32,268049,,7.968525460455567e-05,,
32,268099,,0.0013485498493537307,,
32,268149,,0.0008771278080530465,,
32,268190,,,0.0005416158819571137,0.0005416158819571137
32,268190,0.00039729036507196724,,,
33,268199,,0.00014544920122716576,,
33,268249,,0.0013615097850561142,,
33,268299,,0.00016119096835609525,,
33,268349,,0.00032636307878419757,,
33,268399,,0.00014291108527686447,,
33,268449,,9.925590711645782e-05,,
33,268499,,4.975484625902027e-05,,
33,268549,,0.0004270237113814801,,
33,268599,,0.00012284163676667958,,
33,268649,,0.0024607691448181868,,
33,268699,,0.0027327004354447126,,
33,268749,,0.00019220485410187393,,
33,268799,,0.000865392794366926,,
33,268849,,0.0001508442364865914,,
33,268899,,0.00018297979841008782,,
33,268949,,0.0005539042176678777,,
33,268999,,0.0004395457508508116,,
33,269049,,0.0001093780665541999,,
33,269099,,0.002249607350677252,,
33,269149,,0.0004560390952974558,,
33,269199,,0.00035365598159842193,,
33,269249,,7.354973786277696e-05,,
33,269299,,0.00011690755491144955,,
33,269349,,7.141452806536108e-05,,
33,269399,,0.0009074583067558706,,
33,269449,,0.00011213462130399421,,
33,269499,,0.00015746439748909324,,
33,269549,,0.00014907188597135246,,
33,269599,,0.0004200896364636719,,
33,269649,,5.893522029509768e-05,,
33,269699,,0.00018676558102015406,,
33,269749,,5.651620085700415e-05,,
33,269799,,0.00014278099115472287,,
33,269849,,0.00016485663945786655,,
33,269899,,0.00042836880311369896,,
33,269949,,0.0003405780007597059,,
33,269999,,4.567450378090143e-05,,
33,270049,,0.00012889283243566751,,
33,270099,,4.887185787083581e-05,,
33,270149,,8.813189197098836e-05,,
33,270199,,0.0006469536456279457,,
33,270249,,9.439566929358989e-05,,
33,270299,,5.655340282828547e-05,,
33,270349,,0.00013799233420286328,,
33,270399,,7.596986688440666e-05,,
33,270449,,7.261666905833408e-05,,
33,270499,,0.0002006285503739491,,
33,270549,,0.0011012202594429255,,
33,270599,,0.0009120810427702963,,
33,270649,,0.0012103155022487044,,
33,270699,,0.00017879490042105317,,
33,270749,,0.00015395673108287156,,
33,270799,,0.0006320670363493264,,
33,270849,,0.0001966829295270145,,
33,270899,,6.0494036006275564e-05,,
33,270949,,9.826922178035602e-05,,
33,270999,,0.0006488864892162383,,
33,271049,,0.00013355058035813272,,
33,271099,,0.00014394729805644602,,
33,271149,,0.00014293730782810599,,
33,271199,,0.0036370917223393917,,
33,271249,,0.00016719191626179963,,
33,271299,,0.001348629710264504,,
33,271349,,0.00013074817252345383,,
33,271399,,0.0024666101671755314,,
33,271449,,0.00017641906742937863,,
33,271499,,0.00018332735635340214,,
33,271549,,0.0004468847473617643,,
33,271599,,8.245370554504916e-05,,
33,271649,,5.89288683841005e-05,,
33,271699,,0.0044578374363482,,
33,271749,,7.958346395753324e-05,,
33,271799,,0.00010985070548485965,,
33,271849,,0.0035896250046789646,,
33,271899,,9.430747013539076e-05,,
33,271949,,0.0008868722361512482,,
33,271999,,0.00015329464804381132,,
33,272049,,8.492758934153244e-05,,
33,272099,,0.0003261079255025834,,
33,272149,,0.00015364676073659211,,
33,272199,,6.346302689053118e-05,,
33,272249,,0.00040920014725998044,,
33,272299,,0.0003548127715475857,,
33,272349,,0.0007283597369678319,,
33,272399,,0.000134457994136028,,
33,272449,,0.0013239906402304769,,
33,272499,,0.00012308548321016133,,
33,272549,,0.0003291729954071343,,
33,272599,,0.00012144170614192262,,
33,272649,,0.00012414554657880217,,
33,272699,,0.00024319422664120793,,
33,272749,,0.001025499776005745,,
33,272799,,0.0008151220390573144,,
33,272849,,0.00010416727309348062,,
33,272899,,0.0003200649516656995,,
33,272949,,0.0023318124003708363,,
33,272999,,9.962810872821137e-05,,
33,273049,,0.00010229538020212203,,
33,273099,,4.547627759166062e-05,,
33,273149,,8.223979966714978e-05,,
33,273199,,6.416349060600623e-05,,
33,273249,,9.120163304032758e-05,,
33,273299,,0.00020875115296803415,,
33,273349,,7.536699558841065e-05,,
33,273399,,0.0003881576703861356,,
33,273449,,0.00039954937528818846,,
33,273499,,0.00011137276305817068,,
33,273549,,0.0002118740521837026,,
33,273599,,0.00011052755144191906,,
33,273649,,6.0127797041786835e-05,,
33,273699,,0.0005480152904056013,,
33,273749,,0.00017873234173748642,,
33,273799,,6.615000893361866e-05,,
33,273849,,0.0008751931600272655,,
33,273899,,4.709855420514941e-05,,
33,273949,,0.00010928534902632236,,
33,273999,,6.214879977051169e-05,,
33,274049,,5.301581768435426e-05,,
33,274099,,6.011040386511013e-05,,
33,274149,,0.0001118086147471331,,
33,274199,,8.594003884354606e-05,,
33,274249,,0.00012855834211222827,,
33,274299,,0.00011017375072697178,,
33,274349,,0.00048091509961523116,,
33,274399,,0.0002386174164712429,,
33,274449,,6.28861816949211e-05,,
33,274499,,9.519462037133053e-05,,
33,274549,,9.546329238219187e-05,,
33,274599,,0.00033819617237895727,,
33,274649,,0.00013600611418951303,,
33,274699,,0.00022868539963383228,,
33,274749,,0.0002473400963936001,,
33,274799,,6.374885560944676e-05,,
33,274849,,8.628425712231547e-05,,
33,274899,,7.168312731664628e-05,,
33,274949,,0.0022530353162437677,,
33,274999,,0.00045853451592847705,,
33,275049,,0.0021222145296633244,,
33,275099,,0.0001052521329256706,,
33,275149,,8.098433318082243e-05,,
33,275199,,0.0002388569264439866,,
33,275249,,0.0006082840263843536,,
33,275299,,8.266218355856836e-05,,
33,275349,,0.0008530474151484668,,
33,275399,,0.00053688749903813,,
33,275449,,4.806835931958631e-05,,
33,275499,,0.00012552677071653306,,
33,275549,,0.0002390487934462726,,
33,275599,,8.17768886918202e-05,,
33,275649,,0.0001462647196603939,,
33,275699,,9.573495481163263e-05,,
33,275749,,0.00022273705690167844,,
33,275799,,0.000128844752907753,,
33,275849,,0.00012835052621085197,,
33,275899,,6.243988900678232e-05,,
33,275949,,0.0009377521346323192,,
33,275999,,0.0007699176203459501,,
33,276049,,0.00010341489542042837,,
33,276099,,0.0008017495274543762,,
33,276149,,0.00020109149045310915,,
33,276199,,0.00029000447830185294,,
33,276249,,0.0014694693963974714,,
33,276299,,0.00026135306688956916,,
33,276317,,,0.0005218066507950425,0.0005218066507950425
33,276317,0.00039113464299589396,,,
34,276349,,0.0001852644927566871,,
34,276399,,0.0009287946741096675,,
34,276449,,0.0002160065487259999,,
34,276499,,0.0001380559551762417,,
34,276549,,0.00020515242067631334,,
34,276599,,0.001635003020055592,,
34,276649,,0.0011981214629486203,,
34,276699,,0.00022235230426304042,,
34,276749,,0.00025714345974847674,,
34,276799,,0.002735647140070796,,
34,276849,,0.0008167513296939433,,
34,276899,,9.577014134265482e-05,,
34,276949,,7.539409853052348e-05,,
34,276999,,0.0014498537639155984,,
34,277049,,0.000126347309560515,,
34,277099,,9.441821748623624e-05,,
34,277149,,0.0001667164615355432,,
34,277199,,0.000251581659540534,,
34,277249,,6.663805834250525e-05,,
34,277299,,0.00016948689881246537,,
34,277349,,0.0003309842722956091,,
34,277399,,0.0005230861715972424,,
34,277449,,0.002278102096170187,,
34,277499,,7.062626536935568e-05,,
34,277549,,0.00020673264225479215,,
34,277599,,0.00014177948469296098,,
34,277649,,0.00025780050782486796,,
34,277699,,0.00010376587306382135,,
34,277749,,6.479945295723155e-05,,
34,277799,,6.696899072267115e-05,,
34,277849,,0.0002734835143201053,,
34,277899,,4.991900277673267e-05,,
34,277949,,0.0002293830330017954,,
34,277999,,0.00018587529484648257,,
34,278049,,0.0001484272361267358,,
34,278099,,0.0003545094805303961,,
34,278149,,0.0001380691974190995,,
34,278199,,8.289903053082526e-05,,
34,278249,,0.0024568033404648304,,
34,278299,,0.002066834829747677,,
34,278349,,6.034578836988658e-05,,
34,278399,,8.819707727525383e-05,,
34,278449,,0.0002708299725782126,,
34,278499,,0.0005198644939810038,,
34,278549,,0.00044360163155943155,,
34,278599,,0.0005630544619634748,,
34,278649,,8.698350575286895e-05,,
34,278699,,0.0011659800074994564,,
34,278749,,0.001007075305096805,,
34,278799,,0.004367840476334095,,
34,278849,,0.00021566462237387896,,
34,278899,,0.00014497498341370374,,
34,278949,,0.00011563389853108674,,
34,278999,,7.068715058267117e-05,,
34,279049,,0.00014831821317784488,,
34,279099,,0.00020738450984936208,,
34,279149,,0.00018886809994000942,,
34,279199,,0.00010441160702612251,,
34,279249,,0.0003020512231159955,,
34,279299,,0.00010658967948984355,,
34,279349,,5.578668788075447e-05,,
34,279399,,4.06447725254111e-05,,
34,279449,,0.0004972812021151185,,
34,279499,,0.0004558306827675551,,
34,279549,,8.184301987057552e-05,,
34,279599,,0.0007659514667466283,,
34,279649,,0.008243592455983162,,
34,279699,,0.0003620194620452821,,
34,279749,,0.0005909374449402094,,
34,279799,,0.0001557816140120849,,
34,279849,,0.0006787289748899639,,
34,279899,,6.402184226317331e-05,,
34,279949,,0.00017435423796996474,,
34,279999,,0.00023844288079999387,,
34,280049,,0.000491147511638701,,
34,280099,,0.0004709289933089167,,
34,280149,,0.00022403436014428735,,
34,280199,,8.145326864905655e-05,,
34,280249,,4.94127489218954e-05,,
34,280299,,7.675316737731919e-05,,
34,280349,,0.0005422036629170179,,
34,280399,,0.00011283702042419463,,
34,280449,,0.0008390562143176794,,
34,280499,,0.00014483186532743275,,
34,280549,,6.566205411218107e-05,,
34,280599,,0.00012920751760248095,,
34,280649,,0.0002615937264636159,,
34,280699,,0.00012069160584360361,,
34,280749,,0.00020020634110551327,,
34,280799,,5.10957142978441e-05,,
34,280849,,0.0001022986471070908,,
34,280899,,0.00016730428615119308,,
34,280949,,5.224532287684269e-05,,
34,280999,,5.158607746125199e-05,,
34,281049,,8.094577788142487e-05,,
34,281099,,0.00032680892036296427,,
34,281149,,3.215983451809734e-05,,
34,281199,,9.029087232192978e-05,,
34,281249,,0.00010432224371470511,,
34,281299,,0.00010904180817306042,,
34,281349,,0.0003406937757972628,,
34,281399,,8.850525773596019e-05,,
34,281449,,0.00011422255920479074,,
34,281499,,0.00017836304323282093,,
34,281549,,4.695954703493044e-05,,
34,281599,,4.013428770122118e-05,,
34,281649,,6.93581168889068e-05,,
34,281699,,0.0001364824129268527,,
34,281749,,9.443378075957298e-05,,
34,281799,,0.00045641709584742785,,
34,281849,,5.997713014949113e-05,,
34,281899,,0.00018400701810605824,,
34,281949,,3.415459650568664e-05,,
34,281999,,0.0002529536432120949,,
34,282049,,0.00011537940736161545,,
34,282099,,5.4241256293607876e-05,,
34,282149,,0.00024221527564805,,
34,282199,,6.086820212658495e-05,,
34,282249,,3.644155367510393e-05,,
34,282299,,0.00014878352521918714,,
34,282349,,0.0002001626999117434,,
34,282399,,0.0002673920535016805,,
34,282449,,0.000182384203071706,,
34,282499,,3.611469583120197e-05,,
34,282549,,0.0003415608953218907,,
34,282599,,0.00011760506458813325,,
34,282649,,0.0003637810586951673,,
34,282699,,0.00019367469940334558,,
34,282749,,0.00032815031590871513,,
34,282799,,0.0006715397466905415,,
34,282849,,0.00010753809328889474,,
34,282899,,0.0007546514389105141,,
34,282949,,0.0002328488335479051,,
34,282999,,0.00018859654664993286,,
34,283049,,0.00018546482897363603,,
34,283099,,8.579087443649769e-05,,
34,283149,,0.0001377870939904824,,
34,283199,,0.00019038085883948952,,
34,283249,,0.00014872646715957671,,
34,283299,,7.901206845417619e-05,,
34,283349,,0.0001048013727995567,,
34,283399,,0.0032109601888805628,,
34,283449,,0.0004354921402409673,,
34,283499,,9.17162251425907e-05,,
34,283549,,0.0001857368042692542,,
34,283599,,0.000660070450976491,,
34,283649,,6.146650412119925e-05,,
34,283699,,0.0002205478958785534,,
34,283749,,0.00022869466920383275,,
34,283799,,0.0001529626315459609,,
34,283849,,0.00019884496578015387,,
34,283899,,0.00015719540533609688,,
34,283949,,0.00018950460071209818,,
34,283999,,0.00037814737879671156,,
34,284049,,3.932840991183184e-05,,
34,284099,,0.0004574969643726945,,
34,284149,,2.4680271963006817e-05,,
34,284199,,0.000380446930648759,,
34,284249,,0.0008807400008663535,,
34,284299,,0.00012130706454627216,,
34,284349,,0.00012051202793372795,,
34,284399,,0.00011979440023424104,,
34,284444,,,0.0005237841396592557,0.0005237841396592557
34,284444,0.0003872289089486003,,,
35,284449,,9.707752178655937e-05,,
35,284499,,0.0001312966487603262,,
35,284549,,2.3840044377720915e-05,,
35,284599,,0.0002727975370362401,,
35,284649,,7.995904888957739e-05,,
35,284699,,7.29639214114286e-05,,
35,284749,,0.00011320414341753349,,
35,284799,,0.0005889300955459476,,
35,284849,,0.00021212267165537924,,
35,284899,,0.00014428682334255427,,
35,284949,,0.0017487789737060666,,
35,284999,,0.0001983056718017906,,
35,285049,,0.0004295285325497389,,
35,285099,,6.798229878768325e-05,,
35,285149,,0.00010391529212938622,,
35,285199,,6.991277768975124e-05,,
35,285249,,0.0039884177967906,,
35,285299,,0.00014218607975635678,,
35,285349,,0.00012398295802995563,,
35,285399,,0.0001482593361288309,,
35,285449,,0.0005202767788432539,,
35,285499,,8.8534812675789e-05,,
35,285549,,0.00014292528794612736,,
35,285599,,0.00024095468688756227,,
35,285649,,0.00010020567424362525,,
35,285699,,6.142480560811237e-05,,
35,285749,,0.0008580941939726472,,
35,285799,,0.0002454652567394078,,
35,285849,,9.566367225488648e-05,,
35,285899,,5.640313247567974e-05,,
35,285949,,6.308222509687766e-05,,
35,285999,,2.827120988513343e-05,,
35,286049,,5.3802014008397236e-05,,
35,286099,,0.00011634675320237875,,
35,286149,,0.00016757636331021786,,
35,286199,,0.0011691901599988341,,
35,286249,,0.0016918854089453816,,
35,286299,,0.0004698971752077341,,
35,286349,,0.0006609105039387941,,
35,286399,,8.99028018466197e-05,,
35,286449,,0.00019165780395269394,,
35,286499,,6.114238931331784e-05,,
35,286549,,0.00010941887012450024,,
35,286599,,0.00032449388527311385,,
35,286649,,4.5431435864884406e-05,,
35,286699,,0.00023197174596134573,,
35,286749,,0.0001247329346369952,,
35,286799,,0.0011463698465377092,,
35,286849,,0.0005266705993562937,,
35,286899,,0.00032952704350464046,,
35,286949,,0.0019092921866104007,,
35,286999,,0.0003505167260300368,,
35,287049,,6.450113141909242e-05,,
35,287099,,0.000787707744166255,,
35,287149,,5.1179238653276116e-05,,
35,287199,,0.00022223559790290892,,
35,287249,,0.00032734620617702603,,
35,287299,,0.00023947717272676528,,
35,287349,,0.0001632053463254124,,
35,287399,,8.120579877868295e-05,,
35,287449,,0.00020466702699195594,,
35,287499,,0.0001918374327942729,,
35,287549,,4.0661965613253415e-05,,
35,287599,,5.678424349753186e-05,,
35,287649,,0.00012440569116733968,,
35,287699,,0.0001670719066169113,,
35,287749,,0.00013081636279821396,,
35,287799,,0.0005389490397647023,,
35,287849,,0.00014264389756135643,,
35,287899,,0.00011455451749498025,,
35,287949,,4.899093619314954e-05,,
35,287999,,0.00023583488655276597,,
35,288049,,8.150745270540938e-05,,
35,288099,,7.400041067739949e-05,,
35,288149,,0.0002674960414879024,,
35,288199,,9.840416896622628e-05,,
35,288249,,0.00014824155368842185,,
35,288299,,0.00047863839427009225,,
35,288349,,0.0007237670361064374,,
35,288399,,0.002211341168731451,,
35,288449,,0.0007238313555717468,,
35,288499,,0.0003245527041144669,,
35,288549,,9.769794996827841e-05,,
35,288599,,0.00027683094958774745,,
35,288649,,9.814953955356032e-05,,
35,288699,,3.974329956690781e-05,,
35,288749,,3.0792507459409535e-05,,
35,288799,,8.177543350029737e-05,,
35,288849,,8.586179319536313e-05,,
35,288899,,0.00011425148113630712,,
35,288949,,0.00025550578720867634,,
35,288999,,0.0002400431694695726,,
35,289049,,0.00017347255197819322,,
35,289099,,5.8336830988992006e-05,,
35,289149,,0.00021883740555495024,,
35,289199,,6.295448838500306e-05,,
35,289249,,0.0005650472012348473,,
35,289299,,0.0009901657467707992,,
35,289349,,4.6073851990513504e-05,,
35,289399,,8.562087168684229e-05,,
35,289449,,0.0020942003466188908,,
35,289499,,0.00041027480619959533,,
35,289549,,9.440816938877106e-05,,
35,289599,,0.00014233446563594043,,
35,289649,,7.126337004592642e-05,,
35,289699,,9.906114428304136e-05,,
35,289749,,0.00016456343291793019,,
35,289799,,0.0007172091281972826,,
35,289849,,0.00014361515059135854,,
35,289899,,0.00016053329454734921,,
35,289949,,0.00030049349879845977,,
35,289999,,6.045088230166584e-05,,
35,290049,,0.00020067983132321388,,
35,290099,,6.64483814034611e-05,,
35,290149,,5.492414493346587e-05,,
35,290199,,6.551569094881415e-05,,
35,290249,,0.00013195049541536719,,
35,290299,,0.00014344207011163235,,
35,290349,,0.00019704973965417594,,
35,290399,,0.004844097886234522,,
35,290449,,5.912981941946782e-05,,
35,290499,,0.002280650893226266,,
35,290549,,0.00011605599866015837,,
35,290599,,0.00018739937513601035,,
35,290649,,8.028498996281996e-05,,
35,290699,,7.904352969489992e-05,,
35,290749,,0.00011506609007483348,,
35,290799,,0.00015990952670108527,,
35,290849,,5.968618279439397e-05,,
35,290899,,0.0002999610442202538,,
35,290949,,0.002722683595493436,,
35,290999,,0.0001791046088328585,,
35,291049,,0.00020626580226235092,,
35,291099,,0.0005822314415127039,,
35,291149,,0.00012510122905950993,,
35,291199,,0.0004341461753938347,,
35,291249,,0.00018017625552602112,,
35,291299,,0.0021960055455565453,,
35,291349,,0.00012496642011683434,,
35,291399,,0.0009553298586979508,,
35,291449,,0.00013287333422340453,,
35,291499,,0.0026007178239524364,,
35,291549,,0.00205864361487329,,
35,291599,,0.00013341702288016677,,
35,291649,,0.0005433999467641115,,
35,291699,,0.0005759505438618362,,
35,291749,,0.0017028595320880413,,
35,291799,,0.0003813115763477981,,
35,291849,,7.060240022838116e-05,,
35,291899,,0.0001021523930830881,,
35,291949,,0.00014226320490706712,,
35,291999,,8.023341069929302e-05,,
35,292049,,0.0004378939629532397,,
35,292099,,0.00021952431416139007,,
35,292149,,7.235289376694709e-05,,
35,292199,,0.0007780601736158133,,
35,292249,,0.00020776681776624173,,
35,292299,,4.210470069665462e-05,,
35,292349,,8.100843842839822e-05,,
35,292399,,8.556592365493998e-05,,
35,292449,,8.590921788709238e-05,,
35,292499,,8.596972475061193e-05,,
35,292549,,0.00027067659539170563,,
35,292571,,,0.0005362427909858525,0.0005362427909858525
35,292571,0.0003837604890577495,,,
36,292599,,9.404003503732383e-05,,
36,292649,,0.00011101570271421224,,
36,292699,,0.00026214230456389487,,
36,292749,,5.1173108658986166e-05,,
36,292799,,3.908059807145037e-05,,
36,292849,,0.00010368887160439044,,
36,292899,,6.872021913295612e-05,,
36,292949,,0.00011428692960180342,,
36,292999,,0.00022375566186383367,,
36,293049,,9.631519060349092e-05,,
36,293099,,0.00012643024092540145,,
36,293149,,0.00019130439613945782,,
36,293199,,0.00035038654459640384,,
36,293249,,5.034581772633828e-05,,
36,293299,,8.375827746931463e-05,,
36,293349,,0.000124538826639764,,
36,293399,,9.073701221495867e-05,,
36,293449,,0.00016791139205452055,,
36,293499,,8.746685489313677e-05,,
36,293549,,0.00033388714655302465,,
36,293599,,6.44001120235771e-05,,
36,293649,,0.0002031281474046409,,
36,293699,,6.667817069683224e-05,,
36,293749,,4.5430100726662204e-05,,
36,293799,,0.00012780894758179784,,
36,293849,,8.516731031704694e-05,,
36,293899,,6.323868728941306e-05,,
36,293949,,0.0001336695277132094,,
36,293999,,0.001549969194456935,,
36,294049,,0.00037807959597557783,,
36,294099,,0.00015098432777449489,,
36,294149,,7.474755693692714e-05,,
36,294199,,0.0001276445109397173,,
36,294249,,9.208446863340214e-05,,
36,294299,,0.0003245049447286874,,
36,294349,,5.1735663873841986e-05,,
36,294399,,0.0001087682758225128,,
36,294449,,8.123870065901428e-05,,
36,294499,,0.0001133495825342834,,
36,294549,,0.005350484047085047,,
36,294599,,0.00026800818159244955,,
36,294649,,0.00010037998436018825,,
36,294699,,0.00036622167681343853,,
36,294749,,0.0025819584261626005,,
36,294799,,0.00018159339379053563,,
36,294849,,0.0002058881800621748,,
36,294899,,0.0012887581251561642,,
36,294949,,0.00011498646199470386,,
36,294999,,0.00033284802339039743,,
36,295049,,0.00014928262680768967,,
36,295099,,0.0001462153741158545,,
36,295149,,7.712265505688265e-05,,
36,295199,,8.997223631013185e-05,,
36,295249,,0.00010036036110250279,,
36,295299,,0.0003427989431656897,,
36,295349,,0.0001045486715156585,,
36,295399,,0.00012391355994623154,,
36,295449,,0.0013598776422441006,,
36,295499,,5.339936615200713e-05,,
36,295549,,0.00048018668894656,,
36,295599,,0.00011904698476428166,,
36,295649,,0.0001324410259258002,,
36,295699,,0.0011073392815887928,,
36,295749,,0.00012454940588213503,,
36,295799,,5.400545705924742e-05,,
36,295849,,0.0004776421410497278,,
36,295899,,0.0008146993932314217,,
36,295949,,7.221366831799969e-05,,
36,295999,,0.0013804140035063028,,
36,296049,,0.00010013583960244432,,
36,296099,,2.5302539143012837e-05,,
36,296149,,4.1552855691406876e-05,,
36,296199,,0.0009608864784240723,,
36,296249,,5.075867738923989e-05,,
36,296299,,6.379008118528873e-05,,
36,296349,,8.2455575466156e-05,,
36,296399,,0.00013435928849503398,,
36,296449,,8.289215475087985e-05,,
36,296499,,0.00032701363670639694,,
36,296549,,0.0005427580908872187,,
36,296599,,0.00013971149746794254,,
36,296649,,0.001726582762785256,,
36,296699,,0.00025585611001588404,,
36,296749,,9.140461042989045e-05,,
36,296799,,6.274615589063615e-05,,
36,296849,,8.5227977251634e-05,,
36,296899,,6.056985512259416e-05,,
36,296949,,0.00011298265599180013,,
36,296999,,0.001143195666372776,,
36,297049,,0.0001366127689834684,,
36,297099,,0.00018809526227414608,,
36,297149,,7.131490565370768e-05,,
36,297199,,0.0004052467120345682,,
36,297249,,8.725707448320463e-05,,
36,297299,,0.00011971648200415075,,
36,297349,,0.0005541392019949853,,
36,297399,,0.00321228732354939,,
36,297449,,0.0003996278974227607,,
36,297499,,6.47269916953519e-05,,
36,297549,,0.00010782499884953722,,
36,297599,,0.0001636073866393417,,
36,297649,,0.00044419275945983827,,
36,297699,,9.965334902517498e-05,,
36,297749,,0.00022656818327959627,,
36,297799,,8.462899131700397e-05,,
36,297849,,0.00019226415315642953,,
36,297899,,0.00018229051784146577,,
36,297949,,0.00011061715485993773,,
36,297999,,0.0016581608215346932,,
36,298049,,8.505025471094996e-05,,
36,298099,,0.00027363005210645497,,
36,298149,,0.0002847882569767535,,
36,298199,,8.918941603042185e-05,,
36,298249,,0.00019293947843834758,,
36,298299,,0.0008542960858903825,,
36,298349,,0.0009749580640345812,,
36,298399,,0.00010208085586782545,,
36,298449,,0.0006531067192554474,,
36,298499,,0.0003864087339024991,,
36,298549,,4.757376518682577e-05,,
36,298599,,5.7197099522454664e-05,,
36,298649,,0.00010162942635361105,,
36,298699,,5.217005673330277e-05,,
36,298749,,0.0005786018446087837,,
36,298799,,0.0014662140747532248,,
36,298849,,0.00011661701864795759,,
36,298899,,0.0006644952809438109,,
36,298949,,7.624938007211313e-05,,
36,298999,,0.0014134302036836743,,
36,299049,,0.0002601997402962297,,
36,299099,,7.025629020063207e-05,,
36,299149,,8.03622679086402e-05,,
36,299199,,8.400640217587352e-05,,
36,299249,,0.00015706708654761314,,
36,299299,,0.00014782449579797685,,
36,299349,,0.00037449042429216206,,
36,299399,,0.00012767189764417708,,
36,299449,,9.678713831817731e-05,,
36,299499,,0.000316659570671618,,
36,299549,,9.596687596058473e-05,,
36,299599,,7.329780055442825e-05,,
36,299649,,7.947015546960756e-05,,
36,299699,,8.520910341758281e-05,,
36,299749,,0.00012766964209731668,,
36,299799,,0.0002185559569625184,,
36,299849,,5.573271118919365e-05,,
36,299899,,0.00013624657003674656,,
36,299949,,0.0005808722926303744,,
36,299999,,0.0017455413471907377,,
36,300049,,9.90858388831839e-05,,
36,300099,,8.307596726808697e-05,,
36,300149,,0.0015137804439291358,,
36,300199,,0.0001199376565637067,,
36,300249,,7.265838939929381e-05,,
36,300299,,0.00027389806928113103,,
36,300349,,0.0016176393255591393,,
36,300399,,9.199846681440249e-05,,
36,300449,,0.00011201549204997718,,
36,300499,,0.0009890248766168952,,
36,300549,,7.679687405470759e-05,,
36,300599,,0.00013959308853372931,,
36,300649,,0.00011047715088352561,,
36,300698,,,0.0005245814681984484,0.0005245814681984484
36,300698,0.00038016075268387794,,,
37,300699,,5.573784437729046e-05,,
37,300749,,0.00018688919954001904,,
37,300799,,0.003281410550698638,,
37,300849,,6.542714254464954e-05,,
37,300899,,0.00010232042404823005,,
37,300949,,0.000594501500017941,,
37,300999,,0.00014371020370163023,,
37,301049,,0.0001072237646440044,,
37,301099,,0.0008548329351469874,,
37,301149,,0.00010885488154599443,,
37,301199,,9.77420131675899e-05,,
37,301249,,0.00018795421055983752,,
37,301299,,7.333800749620423e-05,,
37,301349,,3.425770773901604e-05,,
37,301399,,8.356894977623597e-05,,
37,301449,,0.0010894057340919971,,
37,301499,,0.0002368386194575578,,
37,301549,,0.000787781726103276,,
37,301599,,6.442408630391583e-05,,
37,301649,,8.93895048648119e-05,,
37,301699,,0.00017528362513985485,,
37,301749,,0.0003690034500323236,,
37,301799,,0.000455555651569739,,
37,301849,,7.920676580397412e-05,,
37,301899,,0.0003449318464845419,,
37,301949,,5.644015618599951e-05,,
37,301999,,5.7298897445434704e-05,,
37,302049,,0.0001390606485074386,,
37,302099,,0.0019415433052927256,,
37,302149,,0.0007499714847654104,,
37,302199,,0.0008588784257881343,,
37,302249,,9.7678042948246e-05,,
37,302299,,5.07986442244146e-05,,
37,302349,,0.0005687490338459611,,
37,302399,,6.848086923127994e-05,,
37,302449,,0.000361899466952309,,
37,302499,,0.0004006104136351496,,
37,302549,,0.00016444896755274385,,
37,302599,,0.0006221080548129976,,
37,302649,,0.00011207896750420332,,
37,302699,,9.389890328748152e-05,,
37,302749,,9.266932465834543e-05,,
37,302799,,0.00022012910631019622,,
37,302849,,0.0008153561502695084,,
37,302899,,0.00031961468630470335,,
37,302949,,0.00015240191714838147,,
37,302999,,6.131936243036762e-05,,
37,303049,,9.443300950806588e-05,,
37,303099,,0.00010458354518050328,,
37,303149,,5.5756499932613224e-05,,
37,303199,,0.00012002950825262815,,
37,303249,,4.5964221499161795e-05,,
37,303299,,0.0007151311147026718,,
37,303349,,0.0004030735290143639,,
37,303399,,0.00011721943883458152,,
37,303449,,0.0002076979144476354,,
37,303499,,0.00012813517241738737,,
37,303549,,0.0010876716114580631,,
37,303599,,0.00023238969151861966,,
37,303649,,9.470924123888835e-05,,
37,303699,,7.586905121570453e-05,,
37,303749,,0.0002963236183859408,,
37,303799,,6.73371396260336e-05,,
37,303849,,6.789441249566153e-05,,
37,303899,,8.648502262076363e-05,,
37,303949,,0.00017536134691908956,,
37,303999,,8.461188554065302e-05,,
37,304049,,8.320892084157094e-05,,
37,304099,,4.950761649524793e-05,,
37,304149,,0.0002428374718874693,,
37,304199,,6.0225542256375775e-05,,
37,304249,,0.00028682855190709233,,
37,304299,,7.114629988791421e-05,,
37,304349,,0.00014745056978426874,,
37,304399,,0.0007701819413341582,,
37,304449,,0.00028099221526645124,,
37,304499,,0.00010322004527552053,,
37,304549,,0.00014770067355129868,,
37,304599,,0.0010150049347430468,,
37,304649,,9.519172454020008e-05,,
37,304699,,6.985067739151418e-05,,
37,304749,,5.2751260227523744e-05,,
37,304799,,0.0007147740107029676,,
37,304849,,0.000562430068384856,,
37,304899,,7.539132639067248e-05,,
37,304949,,0.0008143463055603206,,
37,304999,,0.0007167180301621556,,
37,305049,,0.00013265744200907648,,
37,305099,,5.528861947823316e-05,,
37,305149,,0.0006071564857847989,,
37,305199,,0.0002199547307100147,,
37,305249,,9.125799988396466e-05,,
37,305299,,0.0010741418227553368,,
37,305349,,0.000206950178835541,,
37,305399,,9.180422784993425e-05,,
37,305449,,0.0011816024780273438,,
37,305499,,0.0015453544910997152,,
37,305549,,0.00027242067153565586,,
37,305599,,0.0002974329690914601,,
37,305649,,0.0005781170330010355,,
37,305699,,7.822123734513298e-05,,
37,305749,,0.0004059307975694537,,
37,305799,,6.761337135685608e-05,,
37,305849,,0.0004006245289929211,,
37,305899,,4.9282585678156465e-05,,
37,305949,,0.0004509282298386097,,
37,305999,,0.00023501926625613123,,
37,306049,,0.0003609754494391382,,
37,306099,,7.76870219851844e-05,,
37,306149,,0.0012302089016884565,,
37,306199,,0.0001759138103807345,,
37,306249,,6.222198135219514e-05,,
37,306299,,0.0002602991589810699,,
37,306349,,0.0011990430066362023,,
37,306399,,6.889864744152874e-05,,
37,306449,,0.0001586118305567652,,
37,306499,,0.00013004217180423439,,
37,306549,,0.00010885252413572744,,
37,306599,,0.0003101038164459169,,
37,306649,,6.438102718675509e-05,,
37,306699,,6.110259710112587e-05,,
37,306749,,0.00010934368765447289,,
37,306799,,0.0002654707059264183,,
37,306849,,0.00010573214967735112,,
37,306899,,6.760131509508938e-05,,
37,306949,,4.2412026232341304e-05,,
37,306999,,7.119965448509902e-05,,
37,307049,,0.0015068167122080922,,
37,307099,,7.792159158270806e-05,,
37,307149,,0.0009465386974625289,,
37,307199,,0.0003445443289820105,,
37,307249,,6.652515730820596e-05,,
37,307299,,0.00012072979006916285,,
37,307349,,0.00010793128603836522,,
37,307399,,0.0014324999647215009,,
37,307449,,0.0003817064280156046,,
37,307499,,0.00035223542363382876,,
37,307549,,0.0010907434625551105,,
37,307599,,4.8399513616459444e-05,,
37,307649,,0.0001092616657842882,,
37,307699,,5.6514305470045656e-05,,
37,307749,,0.0005237802979536355,,
37,307799,,0.0005012054461985826,,
37,307849,,0.00011489736789371818,,
37,307899,,0.0003218055353499949,,
37,307949,,0.00010677408863557503,,
37,307999,,6.180806667543948e-05,,
37,308049,,0.00017269178351853043,,
37,308099,,0.0001073511375579983,,
37,308149,,0.00016868601960595697,,
37,308199,,7.559174991911277e-05,,
37,308249,,0.000106931765913032,,
37,308299,,5.22456866747234e-05,,
37,308349,,8.984181476989761e-05,,
37,308399,,0.0009162971400655806,,
37,308449,,0.00012945568596478552,,
37,308499,,0.002584015717729926,,
37,308549,,0.0002442160912323743,,
37,308599,,0.00012785749277099967,,
37,308649,,5.1528677431633696e-05,,
37,308699,,0.00022733556397724897,,
37,308749,,3.734853817149997e-05,,
37,308799,,8.058900129981339e-05,,
37,308825,,,0.0005251523107290268,0.0005251523107290268
37,308825,0.00037620816146954894,,,
38,308849,,7.95723099145107e-05,,
38,308899,,0.0002080672566080466,,
38,308949,,5.61119377380237e-05,,
38,308999,,0.0001623957505216822,,
38,309049,,0.005401724949479103,,
38,309099,,0.00014698396262247115,,
38,309149,,0.00010869200195884332,,
38,309199,,0.0035777792800217867,,
38,309249,,0.00013692960783373564,,
38,309299,,0.0006893621175549924,,
38,309349,,6.408640183508396e-05,,
38,309399,,4.869949407293461e-05,,
38,309449,,0.0001689888013061136,,
38,309499,,9.752550249686465e-05,,
38,309549,,0.001152421929873526,,
38,309599,,9.544951899442822e-05,,
38,309649,,8.018367225304246e-05,,
38,309699,,0.0001102508686017245,,
38,309749,,8.107173925964162e-05,,
38,309799,,0.00047866819659247994,,
38,309849,,8.636931306682527e-05,,
38,309899,,0.00031159110949374735,,
38,309949,,0.0005551365902647376,,
38,309999,,7.419425674015656e-05,,
38,310049,,4.1555984353180975e-05,,
38,310099,,0.00010194870992563665,,
38,310149,,0.000294847966870293,,
38,310199,,0.0008404279360547662,,
38,310249,,0.00011480083776405081,,
38,310299,,5.148137279320508e-05,,
38,310349,,0.0003774491779040545,,
38,310399,,0.00033898174297064543,,
38,310449,,5.1998929848195985e-05,,
38,310499,,8.505674486514181e-05,,
38,310549,,0.00012445890752132982,,
38,310599,,9.075413981918246e-05,,
38,310649,,0.001512163202278316,,
38,310699,,8.953844371717423e-05,,
38,310749,,9.440024587092921e-05,,
38,310799,,0.00017522716370876878,,
38,310849,,0.00015968397201504558,,
38,310899,,0.00038539624074473977,,
38,310949,,0.00043054629350081086,,
38,310999,,0.0003057247959077358,,
38,311049,,0.00011615170660661533,,
38,311099,,9.430282807443291e-05,,
38,311149,,0.00034048574161715806,,
38,311199,,0.0006418013363145292,,
38,311249,,9.027563646668568e-05,,
38,311299,,8.64817266119644e-05,,
38,311349,,0.00012221022916492075,,
38,311399,,7.645176083315164e-05,,
38,311449,,6.395597301889211e-05,,
38,311499,,8.403497486142442e-05,,
38,311549,,0.0003131759003736079,,
38,311599,,0.0001359765010420233,,
38,311649,,0.00010459216719027609,,
38,311699,,6.7498731368687e-05,,
38,311749,,5.9371101087890565e-05,,
38,311799,,0.00032187922624871135,,
38,311849,,0.000411077169701457,,
38,311899,,0.0002603457251098007,,
38,311949,,6.169363769004121e-05,,
38,311999,,0.00012126038927817717,,
38,312049,,8.424404950346798e-05,,
38,312099,,7.269153138622642e-05,,
38,312149,,5.739229891332798e-05,,
38,312199,,0.0002574946847744286,,
38,312249,,7.378430746030062e-05,,
38,312299,,7.9545279731974e-05,,
38,312349,,0.0018210760317742825,,
38,312399,,8.046071889111772e-05,,
38,312449,,0.00015069704386405647,,
38,312499,,9.777999366633594e-05,,
38,312549,,0.00019381591118872166,,
38,312599,,6.778120587114245e-05,,
38,312649,,0.0008266731165349483,,
38,312699,,0.0001684803719399497,,
38,312749,,8.975750824902207e-05,,
38,312799,,0.003232798771932721,,
38,312849,,7.204666326288134e-05,,
38,312899,,0.0001325698394794017,,
38,312949,,0.004714567214250565,,
38,312999,,5.923577555222437e-05,,
38,313049,,6.420922727556899e-05,,
38,313099,,0.00017555859813001007,,
38,313149,,0.0005983864539302886,,
38,313199,,5.253463677945547e-05,,
38,313249,,0.00018017961701843888,,
38,313299,,7.018530595814809e-05,,
38,313349,,0.000680762343108654,,
38,313399,,5.739071639254689e-05,,
38,313449,,8.100105333141983e-05,,
38,313499,,0.0009362593991681933,,
38,313549,,0.00016390311066061258,,
38,313599,,7.7591605077032e-05,,
38,313649,,0.0004588016599882394,,
38,313699,,9.952754771802574e-05,,
38,313749,,0.00016730364586692303,,
38,313799,,0.002535915933549404,,
38,313849,,7.866421219659969e-05,,
38,313899,,6.608771946048364e-05,,
38,313949,,9.89302498055622e-05,,
38,313999,,0.00018972615362145007,,
38,314049,,0.00048575253458693624,,
38,314099,,7.974712934810668e-05,,
38,314149,,9.581757331034169e-05,,
38,314199,,0.0021325743291527033,,
38,314249,,0.00036235738662071526,,
38,314299,,0.0001411422126693651,,
38,314349,,7.663368160137907e-05,,
38,314399,,0.00042765389662235975,,
38,314449,,0.0001806560903787613,,
38,314499,,0.0004522668314166367,,
38,314549,,6.748654413968325e-05,,
38,314599,,6.923559703864157e-05,,
38,314649,,6.672610470559448e-05,,
38,314699,,0.00039003160782158375,,
38,314749,,7.498746708733961e-05,,
38,314799,,0.00015173548308666795,,
38,314849,,4.9522583140060306e-05,,
38,314899,,0.00047616122174076736,,
38,314949,,0.00026933877961710095,,
38,314999,,0.00017464255506638438,,
38,315049,,7.288197957677767e-05,,
38,315099,,0.00011943208664888516,,
38,315149,,6.142091297078878e-05,,
38,315199,,3.213719537598081e-05,,
38,315249,,6.046701309969649e-05,,
38,315299,,7.483976514777169e-05,,
38,315349,,0.0005302825593389571,,
38,315399,,8.668739610584453e-05,,
38,315449,,0.0016407325165346265,,
38,315499,,0.0006748132291249931,,
38,315549,,0.0002264361537527293,,
38,315599,,6.154536822577938e-05,,
38,315649,,0.00012985932698938996,,
38,315699,,7.446363451890647e-05,,
38,315749,,0.00019799124856945127,,
38,315799,,0.0004374672716949135,,
38,315849,,9.495836275164038e-05,,
38,315899,,7.196519436547533e-05,,
38,315949,,0.00045105713070370257,,
38,315999,,8.555599924875423e-05,,
38,316049,,0.0024536848068237305,,
38,316099,,8.295783482026309e-05,,
38,316149,,0.0002116835385095328,,
38,316199,,5.2077197324251756e-05,,
38,316249,,7.45273064239882e-05,,
38,316299,,0.00045908079482614994,,
38,316349,,0.0005563799059018493,,
38,316399,,0.0015813380014151335,,
38,316449,,0.00010347295028623194,,
38,316499,,0.00015327618166338652,,
38,316549,,0.0028826496563851833,,
38,316599,,0.0017691191751509905,,
38,316649,,9.407683683093637e-05,,
38,316699,,0.0001122088433476165,,
38,316749,,0.0003137480525765568,,
38,316799,,0.00012827942555304617,,
38,316849,,5.799793143523857e-05,,
38,316899,,0.0001264148304471746,,
38,316949,,0.00016196307842619717,,
38,316952,,,0.0005214571719989181,0.0005214571719989181
38,316952,0.00037208356661722064,,,
39,316999,,6.882411980768666e-05,,
39,317049,,0.0010555940680205822,,
39,317099,,0.0010273283114656806,,
39,317149,,5.676956061506644e-05,,
39,317199,,0.0001860322809079662,,
39,317249,,6.270746962400153e-05,,
39,317299,,9.223000961355865e-05,,
39,317349,,0.0007058745832182467,,
39,317399,,2.6390345738036558e-05,,
39,317449,,7.667549652978778e-05,,
39,317499,,8.68328643264249e-05,,
39,317549,,0.0017641274025663733,,
39,317599,,0.00011078317038482055,,
39,317649,,0.0031656648498028517,,
39,317699,,0.00017244621994905174,,
39,317749,,0.00016547224367968738,,
39,317799,,0.00021901578293181956,,
39,317849,,5.9282050642650574e-05,,
39,317899,,0.00011654010450001806,,
39,317949,,8.71503070811741e-05,,
39,317999,,0.00014094996731728315,,
39,318049,,0.00016947563563007861,,
39,318099,,0.00010403597843833268,,
39,318149,,7.07058934494853e-05,,
39,318199,,0.0001331516687059775,,
39,318249,,0.000538413820322603,,
39,318299,,8.812704618321732e-05,,
39,318349,,0.000841864850372076,,
39,318399,,0.00014402074157260358,,
39,318449,,9.449453500565141e-05,,
39,318499,,4.5167496864451095e-05,,
39,318549,,0.00023942333064042032,,
39,318599,,0.0001124424597946927,,
39,318649,,9.683112875791267e-05,,
39,318699,,9.967703954316676e-05,,
39,318749,,8.901740511646494e-05,,
39,318799,,6.337509694276378e-05,,
39,318849,,6.631066935369745e-05,,
39,318899,,0.0013937271432951093,,
39,318949,,7.424830255331472e-05,,
39,318999,,5.7291654229629785e-05,,
39,319049,,0.0002510675694793463,,
39,319099,,6.0466678405646235e-05,,
39,319149,,8.353291195817292e-05,,
39,319199,,0.00027412912459112704,,
39,319249,,0.00019221301772631705,,
39,319299,,6.528925587190315e-05,,
39,319349,,0.00027584066265262663,,
39,319399,,0.00034298872924409807,,
39,319449,,6.757468509022146e-05,,
39,319499,,0.00010597402433631942,,
39,319549,,0.00016176968347281218,,
39,319599,,0.00010348426440032199,,
39,319649,,0.00015208922559395432,,
39,319699,,0.00013249115727376193,,
39,319749,,6.236572517082095e-05,,
39,319799,,6.815485539846122e-05,,
39,319849,,0.00017045950517058372,,
39,319899,,0.0003981661575380713,,
39,319949,,0.0006212434964254498,,
39,319999,,3.7549409171333537e-05,,
39,320049,,6.272911559790373e-05,,
39,320099,,0.0002071883500320837,,
39,320149,,5.9426780353533104e-05,,
39,320199,,0.0001362319744657725,,
39,320249,,0.0066094533540308475,,
39,320299,,5.0753671530401334e-05,,
39,320349,,7.41595504223369e-05,,
39,320399,,0.00021149733220227063,,
39,320449,,0.00011188182543264702,,
39,320499,,0.0005454684724099934,,
39,320549,,8.441017416771501e-05,,
39,320599,,0.00031355791725218296,,
39,320649,,0.00031902751652523875,,
39,320699,,8.626293856650591e-05,,
39,320749,,0.0011882212711498141,,
39,320799,,0.0001018496259348467,,
39,320849,,0.00031474127899855375,,
39,320899,,5.03033515997231e-05,,
39,320949,,0.00010260789713356644,,
39,320999,,0.00037995813181623816,,
39,321049,,0.0029963578563183546,,
39,321099,,0.00021983133046887815,,
39,321149,,0.00013621701509691775,,
39,321199,,0.00014656729763373733,,
39,321249,,0.00017262106121052057,,
39,321299,,3.372802893863991e-05,,
39,321349,,0.0002727410173974931,,
39,321399,,4.654546864912845e-05,,
39,321449,,8.794422319624573e-05,,
39,321499,,0.0005264400970190763,,
39,321549,,0.00010605540592223406,,
39,321599,,6.352025229716673e-05,,
39,321649,,0.00037324923323467374,,
39,321699,,0.00012712288298644125,,
39,321749,,9.545065404381603e-05,,
39,321799,,0.004276040010154247,,
39,321849,,7.819923484930769e-05,,
39,321899,,6.969210517127067e-05,,
39,321949,,0.0001340976741630584,,
39,321999,,0.0001786452194210142,,
39,322049,,0.000210323603823781,,
39,322099,,0.00034374106326140463,,
39,322149,,0.00017828252748586237,,
39,322199,,0.0002046871231868863,,
39,322249,,6.0951890191063285e-05,,
39,322299,,0.00012639460328500718,,
39,322349,,0.00016259368567261845,,
39,322399,,0.00012169426190666854,,
39,322449,,6.104202475398779e-05,,
39,322499,,0.0009619976626709104,,
39,322549,,0.0010411851108074188,,
39,322599,,5.432806210592389e-05,,
39,322649,,0.00024038944684434682,,
39,322699,,0.0001681045105215162,,
39,322749,,0.000994863803498447,,
39,322799,,4.9008463975042105e-05,,
39,322849,,0.00014180861762724817,,
39,322899,,5.4321375500876456e-05,,
39,322949,,9.878474520519376e-05,,
39,322999,,3.5924189432989806e-05,,
39,323049,,5.799007703899406e-05,,
39,323099,,0.00010016818123403937,,
39,323149,,0.0004719053104054183,,
39,323199,,9.643585508456454e-05,,
39,323249,,0.001407026662491262,,
39,323299,,5.661818795488216e-05,,
39,323349,,9.982995106838644e-05,,
39,323399,,8.926207374315709e-05,,
39,323449,,0.0005656761932186782,,
39,323499,,0.00010672330972738564,,
39,323549,,0.00011951135093113407,,
39,323599,,5.445412534754723e-05,,
39,323649,,0.00012191655696369708,,
39,323699,,0.00020443726680241525,,
39,323749,,3.275367271271534e-05,,
39,323799,,3.124441718682647e-05,,
39,323849,,7.51069383113645e-05,,
39,323899,,5.886489088879898e-05,,
39,323949,,8.397221972700208e-05,,
39,323999,,0.00014045681746210903,,
39,324049,,6.874195241834968e-05,,
39,324099,,0.00024042140285018831,,
39,324149,,0.0009518149890936911,,
39,324199,,0.0003856184193864465,,
39,324249,,0.000681768637150526,,
39,324299,,6.533068517455831e-05,,
39,324349,,0.0001643468567635864,,
39,324399,,0.0001462291256757453,,
39,324449,,0.0004655988304875791,,
39,324499,,0.00018640469352249056,,
39,324549,,7.499328785343096e-05,,
39,324599,,0.0001604318676982075,,
39,324649,,0.0011364442761987448,,
39,324699,,0.0017403895035386086,,
39,324749,,0.000440992065705359,,
39,324799,,0.0001027658290695399,,
39,324849,,0.00011560026905499399,,
39,324899,,0.0008610270451754332,,
39,324949,,8.543768490199e-05,,
39,324999,,0.00022097931650932878,,
39,325049,,9.729559678817168e-05,,
39,325079,,,0.0005302520003169775,0.0005302520003169775
39,325079,0.0003699583176057786,,,
40,325099,,0.000155235844431445,,
40,325149,,0.00015293178148567677,,
40,325199,,8.747506217332557e-05,,
40,325249,,0.0007440661429427564,,
40,325299,,0.00014096619270276278,,
40,325349,,0.00043496902799233794,,
40,325399,,0.0005721583147533238,,
40,325449,,6.491711974376813e-05,,
40,325499,,0.0011351399589329958,,
40,325549,,0.001995365135371685,,
40,325599,,0.0001675471430644393,,
40,325649,,7.06784485373646e-05,,
40,325699,,0.00018180538609158248,,
40,325749,,0.0001654874940868467,,
40,325799,,5.528139809030108e-05,,
40,325849,,0.00011705444194376469,,
40,325899,,0.001078678178600967,,
40,325949,,0.0001037697002175264,,
40,325999,,6.122600461822003e-05,,
40,326049,,0.00014931251644156873,,
40,326099,,0.0001259471900993958,,
40,326149,,4.249529229127802e-05,,
40,326199,,6.705232954118401e-05,,
40,326249,,8.47227856866084e-05,,
40,326299,,0.00017072094487957656,,
40,326349,,0.0008398027857765555,,
40,326399,,7.412100967485458e-05,,
40,326449,,0.0008328165858983994,,
40,326499,,0.000182103700353764,,
40,326549,,0.005038191564381123,,
40,326599,,0.0006867499323561788,,
40,326649,,0.00036426392034627497,,
40,326699,,0.0001626861485419795,,
40,326749,,0.0004132751782890409,,
40,326799,,0.0002632307878229767,,
40,326849,,0.00013432750711217523,,
40,326899,,0.0009567667148075998,,
40,326949,,9.023475286085159e-05,,
40,326999,,0.0001588200539117679,,
40,327049,,0.00013482039503287524,,
40,327099,,6.530633254442364e-05,,
40,327149,,0.0001600347604835406,,
40,327199,,0.0002513995277695358,,
40,327249,,0.0007701254216954112,,
40,327299,,0.0001880266354419291,,
40,327349,,0.00014149988419376314,,
40,327399,,0.001729654148221016,,
40,327449,,0.00011089188774349168,,
40,327499,,0.00027400843100622296,,
40,327549,,5.1815699407598004e-05,,
40,327599,,8.455056376988068e-05,,
40,327649,,8.847510616760701e-05,,
40,327699,,0.00018134429410565645,,
40,327749,,0.0008858689107000828,,
40,327799,,0.0006093995179980993,,
40,327849,,0.0005373006570152938,,
40,327899,,3.68061701010447e-05,,
40,327949,,0.002182739321142435,,
40,327999,,0.00013358057185541838,,
40,328049,,0.0002621804305817932,,
40,328099,,3.9650985854677856e-05,,
40,328149,,0.000752783555071801,,
40,328199,,0.0001057832341757603,,
40,328249,,8.791157597443089e-05,,
40,328299,,0.00023900165979284793,,
40,328349,,0.00019436412549111992,,
40,328399,,4.606965376297012e-05,,
40,328449,,0.00013610575115308166,,
40,328499,,0.0009518429869785905,,
40,328549,,0.0001534713082946837,,
40,328599,,3.7611094739986584e-05,,
40,328649,,8.99793958524242e-05,,
40,328699,,6.38855854049325e-05,,
40,328749,,5.593690002569929e-05,,
40,328799,,4.393209746922366e-05,,
40,328849,,0.002168286358937621,,
40,328899,,0.0002497239620424807,,
40,328949,,0.000803376839030534,,
40,328999,,0.0008254569256678224,,
40,329049,,6.176225724630058e-05,,
40,329099,,0.00028750678757205606,,
40,329149,,0.0006622986984439194,,
40,329199,,0.00012915108527522534,,
40,329249,,0.00029614209779538214,,
40,329299,,0.0007602192927151918,,
40,329349,,0.0004359222366474569,,
40,329399,,9.306611900683492e-05,,
40,329449,,0.00017477516666986048,,
40,329499,,6.224482058314607e-05,,
40,329549,,4.3085208744741976e-05,,
40,329599,,8.388233254663646e-05,,
40,329649,,5.2243805839680135e-05,,
40,329699,,0.00011587435437832028,,
40,329749,,3.31646588165313e-05,,
40,329799,,3.306321377749555e-05,,
40,329849,,6.54889881843701e-05,,
40,329899,,9.301777754444629e-05,,
40,329949,,0.00012522138422355056,,
40,329999,,4.4538744987221435e-05,,
40,330049,,8.934409561334178e-05,,
40,330099,,0.0002403278776910156,,
40,330149,,4.172639819444157e-05,,
40,330199,,5.621919626719318e-05,,
40,330249,,0.00015393091598525643,,
40,330299,,0.0019428142113611102,,
40,330349,,7.950985309435055e-05,,
40,330399,,0.00011969536717515439,,
40,330449,,0.00022150605218484998,,
40,330499,,0.0002373030292801559,,
40,330549,,0.00010076943726744503,,
40,330599,,8.777359471423551e-05,,
40,330649,,0.00010205301077803597,,
40,330699,,5.796207915409468e-05,,
40,330749,,0.0002122639853041619,,
40,330799,,0.00012616383901331574,,
40,330849,,7.450184784829617e-05,,
40,330899,,9.3960712547414e-05,,
40,330949,,3.0587285436922684e-05,,
40,330999,,0.00010509899584576488,,
40,331049,,0.0018902762094512582,,
40,331099,,0.0001777994621079415,,
40,331149,,0.001180164748802781,,
40,331199,,0.00024385855067521334,,
40,331249,,0.0010630061151459813,,
40,331299,,0.00012873818923253566,,
40,331349,,0.0001132223114836961,,
40,331399,,8.170131332008168e-05,,
40,331449,,0.0024608043022453785,,
40,331499,,4.911144787911326e-05,,
40,331549,,6.130420661065727e-05,,
40,331599,,4.200736657367088e-05,,
40,331649,,0.00024105858756229281,,
40,331699,,0.00010006558295572177,,
40,331749,,5.810404763906263e-05,,
40,331799,,7.629888568772003e-05,,
40,331849,,5.9193898778175935e-05,,
40,331899,,0.0001944822579389438,,
40,331949,,0.00014865129196550697,,
40,331999,,0.0009264098480343819,,
40,332049,,0.00025602796813473105,,
40,332099,,0.001500106998719275,,
40,332149,,0.0016220745164901018,,
40,332199,,4.8322330258088186e-05,,
40,332249,,9.624994709156454e-05,,
40,332299,,0.001204978208988905,,
40,332349,,2.657180084497668e-05,,
40,332399,,0.0001988369331229478,,
40,332449,,7.315820403164253e-05,,
40,332499,,0.0001066287441062741,,
40,332549,,0.0001841811608755961,,
40,332599,,0.00012022978626191616,,
40,332649,,0.00029171552159823477,,
40,332699,,0.00033934059320017695,,
40,332749,,0.0012684130342677236,,
40,332799,,0.00026886467821896076,,
40,332849,,0.00045597070129588246,,
40,332899,,8.55435646371916e-05,,
40,332949,,0.0008415081538259983,,
40,332999,,0.0002041688421741128,,
40,333049,,0.00018056176486425102,,
40,333099,,4.603296838467941e-05,,
40,333149,,0.0007425637450069189,,
40,333199,,5.704653085558675e-05,,
40,333206,,,0.0005279895267449319,0.0005279895267449319
40,333206,0.00036655942676588893,,,
41,333249,,5.5418968258891255e-05,,
41,333299,,0.00021404263679869473,,
41,333349,,0.0007655244553461671,,
41,333399,,7.163028931245208e-05,,
41,333449,,6.238204514374956e-05,,
41,333499,,8.563345181755722e-05,,
41,333549,,0.0001845749793574214,,
41,333599,,0.0003202118678018451,,
41,333649,,5.255329597275704e-05,,
41,333699,,0.00044015239109285176,,
41,333749,,0.00019971048459410667,,
41,333799,,9.373405919177458e-05,,
41,333849,,0.00019044079817831516,,
41,333899,,0.00021378239034675062,,
41,333949,,0.0007501303334720433,,
41,333999,,0.00011536569218151271,,
41,334049,,0.00021693782764486969,,
41,334099,,6.531042163260281e-05,,
41,334149,,5.3803440096089616e-05,,
41,334199,,0.0005505746812559664,,
41,334249,,4.3693948100553825e-05,,
41,334299,,0.0006489541847258806,,
41,334349,,6.25350876362063e-05,,
41,334399,,0.00012594183499459177,,
41,334449,,7.67836972954683e-05,,
41,334499,,0.0001961011439561844,,
41,334549,,0.00020769731781911105,,
41,334599,,8.21334688225761e-05,,
41,334649,,0.0008390394505113363,,
41,334699,,0.0003208426642231643,,
41,334749,,4.933653326588683e-05,,
41,334799,,0.00017807322728913277,,
41,334849,,0.00015822910063434392,,
41,334899,,3.560886034392752e-05,,
41,334949,,0.0003205302346032113,,
41,334999,,0.0006752009503543377,,
41,335049,,0.0006353887729346752,,
41,335099,,0.00030635317671112716,,
41,335149,,6.554697029059753e-05,,
41,335199,,0.00011484018614282832,,
41,335249,,4.9059926823247224e-05,,
41,335299,,0.000554820813704282,,
41,335349,,0.0002946270687971264,,
41,335399,,0.0006856261752545834,,
41,335449,,0.0003453359822742641,,
41,335499,,0.0009076949208974838,,
41,335549,,0.0009237696649506688,,
41,335599,,0.0006439663702622056,,
41,335649,,0.0010861792834475636,,
41,335699,,0.0010312499944120646,,
41,335749,,4.615342550096102e-05,,
41,335799,,0.00036667808308266103,,
41,335849,,0.00012380167027004063,,
41,335899,,0.00017029662558343261,,
41,335949,,0.00010203078272752464,,
41,335999,,0.00013352873793337494,,
41,336049,,5.33381498826202e-05,,
41,336099,,8.144129242282361e-05,,
41,336149,,0.00037642850656993687,,
41,336199,,4.276914114598185e-05,,
41,336249,,9.120875620283186e-05,,
41,336299,,0.00023611406504642218,,
41,336349,,4.8943828005576506e-05,,
41,336399,,8.665335190016776e-05,,
41,336449,,0.0032982719130814075,,
41,336499,,0.00018753748736344278,,
41,336549,,0.0009686113917268813,,
41,336599,,6.909406511113048e-05,,
41,336649,,7.032401481410488e-05,,
41,336699,,0.00019745675672311336,,
41,336749,,0.000535034341737628,,
41,336799,,6.424675666494295e-05,,
41,336849,,0.0025865938514471054,,
41,336899,,0.00010994287731591612,,
41,336949,,0.00017030443996191025,,
41,336999,,0.00010158975783269852,,
41,337049,,0.0001448246621293947,,
41,337099,,0.0009501278400421143,,
41,337149,,0.0008426130516454577,,
41,337199,,6.619494524784386e-05,,
41,337249,,5.017361036152579e-05,,
41,337299,,4.887188697466627e-05,,
41,337349,,9.664105164119974e-05,,
41,337399,,0.0015497273998335004,,
41,337449,,8.137262921081856e-05,,
41,337499,,0.00025496637681499124,,
41,337549,,9.531476098345593e-05,,
41,337599,,7.163376722019166e-05,,
41,337649,,0.0006221539224497974,,
41,337699,,0.00015004808665253222,,
41,337749,,3.38891040883027e-05,,
41,337799,,0.0002277888124808669,,
41,337849,,0.00018492907111067325,,
41,337899,,0.00011559343693079427,,
41,337949,,0.0003212144656572491,,
41,337999,,0.0001598522358108312,,
41,338049,,0.00010435642616357654,,
41,338099,,8.641796739539132e-05,,
41,338149,,0.0003463593893684447,,
41,338199,,0.00021029787603765726,,
41,338249,,0.000249662232818082,,
41,338299,,0.000149256331496872,,
41,338349,,0.00022019304742570966,,
41,338399,,9.127445082413033e-05,,
41,338449,,0.00033720623468980193,,
41,338499,,0.0006367812165990472,,
41,338549,,9.440587746212259e-05,,
41,338599,,0.00012555602006614208,,
41,338649,,5.0932387239299715e-05,,
41,338699,,0.0005847012507729232,,
41,338749,,0.00020386969845276326,,
41,338799,,0.0001373950653942302,,
41,338849,,7.614119385834783e-05,,
41,338899,,8.098357648123056e-05,,
41,338949,,8.78673599800095e-05,,
41,338999,,9.48472588788718e-05,,
41,339049,,7.049760461086407e-05,,
41,339099,,4.958585122949444e-05,,
41,339149,,0.00018393690697848797,,
41,339199,,0.00023706203501205891,,
41,339249,,4.139965676586144e-05,,
41,339299,,0.0007121931994333863,,
41,339349,,0.000510553305502981,,
41,339399,,0.005742252338677645,,
41,339449,,0.00010194794595008716,,
41,339499,,0.00027104769833385944,,
41,339549,,0.0006327999290078878,,
41,339599,,0.0005578966811299324,,
41,339649,,8.743453508941457e-05,,
41,339699,,0.00017536059021949768,,
41,339749,,0.001224695472046733,,
41,339799,,0.0002756972098723054,,
41,339849,,0.0001583836565259844,,
41,339899,,0.0002908463357016444,,
41,339949,,0.0001300209405599162,,
41,339999,,3.651517545222305e-05,,
41,340049,,0.0001432082790415734,,
41,340099,,0.00018132731202058494,,
41,340149,,0.0002940281992778182,,
41,340199,,2.902319101849571e-05,,
41,340249,,0.00044291088124737144,,
41,340299,,0.0003931151295546442,,
41,340349,,0.0003479847509879619,,
41,340399,,6.071149618946947e-05,,
41,340449,,0.0004020218038931489,,
41,340499,,4.6318138629430905e-05,,
41,340549,,0.0018380195833742619,,
41,340599,,5.65754780836869e-05,,
41,340649,,8.091601193882525e-05,,
41,340699,,0.0003323938581161201,,
41,340749,,0.0024373200722038746,,
41,340799,,0.0006088848458603024,,
41,340849,,0.00036069328780286014,,
41,340899,,0.0013605102431029081,,
41,340949,,0.0006375973462127149,,
41,340999,,0.00028565991669893265,,
41,341049,,0.00022256812371779233,,
41,341099,,0.00014629130600951612,,
41,341149,,4.4465166865848005e-05,,
41,341199,,0.0025936737656593323,,
41,341249,,0.0001520639198133722,,
41,341299,,0.0026881382800638676,,
41,341333,,,0.0005332328728400171,0.0005332328728400171
41,341333,0.00036340014776214957,,,
42,341349,,7.214675133582205e-05,,
42,341399,,7.906526298029348e-05,,
42,341449,,0.00015340393292717636,,
42,341499,,0.00016761035658419132,,
42,341549,,0.0001837712770793587,,
42,341599,,5.68815776205156e-05,,
42,341649,,0.0002541452704463154,,
42,341699,,0.0001142701439675875,,
42,341749,,0.0008612332167103887,,
42,341799,,8.028480806387961e-05,,
42,341849,,0.00012299604713916779,,
42,341899,,0.0010866388911381364,,
42,341949,,6.985549407545477e-05,,
42,341999,,0.0025155358016490936,,
42,342049,,0.00023560428235214204,,
42,342099,,0.0001147946240962483,,
42,342149,,0.00015633842849638313,,
42,342199,,3.651370934676379e-05,,
42,342249,,0.0001145348433055915,,
42,342299,,0.00013093234156258404,,
42,342349,,0.0002443029370624572,,
42,342399,,7.40195537218824e-05,,
42,342449,,0.0019777424167841673,,
42,342499,,0.00010671772906789556,,
42,342549,,7.95970408944413e-05,,
42,342599,,0.0027665658853948116,,
42,342649,,0.0002205359487561509,,
42,342699,,0.00020237540593370795,,
42,342749,,0.0002927203895524144,,
42,342799,,0.00012661721848417073,,
42,342849,,0.00010467572428751737,,
42,342899,,0.0001348110381513834,,
42,342949,,0.00023683214385528117,,
42,342999,,0.0014756866730749607,,
42,343049,,0.0002352632727706805,,
42,343099,,5.685860742232762e-05,,
42,343149,,6.235927139641717e-05,,
42,343199,,6.412435322999954e-05,,
42,343249,,7.12032851879485e-05,,
42,343299,,0.00023550102196168154,,
42,343349,,8.43727175379172e-05,,
42,343399,,0.00010091255535371602,,
42,343449,,0.0002972386428155005,,
42,343499,,0.00031965060043148696,,
42,343549,,5.581050209002569e-05,,
42,343599,,0.0003764985012821853,,
42,343649,,8.467366569675505e-05,,
42,343699,,0.00018765617278404534,,
42,343749,,0.00016106953262351453,,
42,343799,,9.050808876054361e-05,,
42,343849,,0.00022100390924606472,,
42,343899,,4.105246262042783e-05,,
42,343949,,7.986955461092293e-05,,
42,343999,,0.0001367875374853611,,
42,344049,,4.0385326428804547e-05,,
42,344099,,0.0003689539444167167,,
42,344149,,0.0005622068420052528,,
42,344199,,0.0005043507553637028,,
42,344249,,6.28232373856008e-05,,
42,344299,,7.392286352114752e-05,,
42,344349,,5.090211925562471e-05,,
42,344399,,0.0001974917686311528,,
42,344449,,7.617642404511571e-05,,
42,344499,,0.0009736125357449055,,
42,344549,,8.553128282073885e-05,,
42,344599,,0.0004954184405505657,,
42,344649,,0.0003339672111906111,,
42,344699,,0.00010658217797754332,,
42,344749,,0.0003545039508026093,,
42,344799,,0.0003034424444194883,,
42,344849,,0.00014407042181119323,,
42,344899,,0.00015669284039177,,
42,344949,,0.00010399998427601531,,
42,344999,,8.129364141495898e-05,,
42,345049,,9.574989235261455e-05,,
42,345099,,8.493171480949968e-05,,
42,345149,,0.00011661177268251777,,
42,345199,,0.0011195414699614048,,
42,345249,,4.93737097713165e-05,,
42,345299,,8.183699537767097e-05,,
42,345349,,5.8408721088198945e-05,,
42,345399,,0.0005060805706307292,,
42,345449,,0.00041928020073100924,,
42,345499,,5.106381286168471e-05,,
42,345549,,0.00011675027781166136,,
42,345599,,5.5250246077775955e-05,,
42,345649,,7.707002805545926e-05,,
42,345699,,8.407993300352246e-05,,
42,345749,,0.0004885155358351767,,
42,345799,,0.00011715925938915461,,
42,345849,,5.1723931392189115e-05,,
42,345899,,0.000278004736173898,,
42,345949,,0.00017460384697187692,,
42,345999,,0.0017962276469916105,,
42,346049,,0.0004188662569504231,,
42,346099,,0.00012304190022405237,,
42,346149,,0.00010270389611832798,,
42,346199,,0.00017111271154135466,,
42,346249,,7.178067608037964e-05,,
42,346299,,4.906274261884391e-05,,
42,346349,,9.148458048002794e-05,,
42,346399,,9.626477549318224e-05,,
42,346449,,5.5416090617654845e-05,,
42,346499,,0.0007889311527833343,,
42,346549,,4.019321204395965e-05,,
42,346599,,0.00014790002023801208,,
42,346649,,7.315727998502553e-05,,
42,346699,,8.581272413721308e-05,,
42,346749,,5.462150147650391e-05,,
42,346799,,6.466315971920267e-05,,
42,346849,,0.00024302484234794974,,
42,346899,,0.0001744398905429989,,
42,346949,,0.00011877391079906374,,
42,346999,,0.000369670131476596,,
42,347049,,0.00013116754416842014,,
42,347099,,0.0007298258133232594,,
42,347149,,0.0001231899077538401,,
42,347199,,0.0017141158459708095,,
42,347249,,0.0001748607464833185,,
42,347299,,0.0003374609223101288,,
42,347349,,4.3700492824427783e-05,,
42,347399,,0.0005621908348985016,,
42,347449,,9.000482532428578e-05,,
42,347499,,0.00015119633462745696,,
42,347549,,0.0005614441470243037,,
42,347599,,0.00010328978532925248,,
42,347649,,0.0003603336226660758,,
42,347699,,7.075746543705463e-05,,
42,347749,,0.00013908820983488113,,
42,347799,,6.17569821770303e-05,,
42,347849,,0.00010570394078968093,,
42,347899,,0.00016003724886104465,,
42,347949,,7.475850725313649e-05,,
42,347999,,5.268323729978874e-05,,
42,348049,,9.620417404221371e-05,,
42,348099,,4.271033321856521e-05,,
42,348149,,7.743647438474e-05,,
42,348199,,0.002077875193208456,,
42,348249,,0.00011758859182009473,,
42,348299,,8.949109178502113e-05,,
42,348349,,4.2866002331720665e-05,,
42,348399,,9.078659059014171e-05,,
42,348449,,0.0006527310470119119,,
42,348499,,6.034674515831284e-05,,
42,348549,,0.0003844695456791669,,
42,348599,,5.382985546020791e-05,,
42,348649,,6.0287973610684276e-05,,
42,348699,,4.297834311728366e-05,,
42,348749,,0.0004495391040109098,,
42,348799,,7.518652273574844e-05,,
42,348849,,0.0001247992186108604,,
42,348899,,4.524433097685687e-05,,
42,348949,,9.529924136586487e-05,,
42,348999,,3.064227712457068e-05,,
42,349049,,0.0005029385210946202,,
42,349099,,0.00011710156104527414,,
42,349149,,0.0001461828505853191,,
42,349199,,8.927657472668216e-05,,
42,349249,,5.855501876794733e-05,,
42,349299,,4.502681622398086e-05,,
42,349349,,0.0003151988494209945,,
42,349399,,3.5341519833309576e-05,,
42,349449,,0.0009406434837728739,,
42,349460,,,0.0005208489601500332,0.0005208489601500332
42,349460,0.0003620645438786596,,,
43,349499,,0.0005121014546602964,,
43,349549,,9.392267384100705e-05,,
43,349599,,0.0006393999792635441,,
43,349649,,0.00026874575996771455,,
43,349699,,0.00015088726649992168,,
43,349749,,9.660395153332502e-05,,
43,349799,,9.323684207629412e-05,,
43,349849,,0.000725640042219311,,
43,349899,,9.54598217504099e-05,,
43,349949,,9.317920194007456e-05,,
43,349999,,7.017439929768443e-05,,
43,350049,,0.00012463389430195093,,
43,350099,,6.649056012975052e-05,,
43,350149,,5.253498602542095e-05,,
43,350199,,7.205481961136684e-05,,
43,350249,,3.393559381947853e-05,,
43,350299,,0.00037358509143814445,,
43,350349,,2.8321501304162666e-05,,
43,350399,,0.00019869407697115093,,
43,350449,,0.0002505318552721292,,
43,350499,,6.123208004282787e-05,,
43,350549,,5.1433009502943605e-05,,
43,350599,,0.0003078277222812176,,
43,350649,,0.00016477001190651208,,
43,350699,,0.0002556648396421224,,
43,350749,,0.00034048527595587075,,
43,350799,,3.741249747690745e-05,,
43,350849,,0.0016948569100350142,,
43,350899,,6.945036147953942e-05,,
43,350949,,8.469289605272934e-05,,
43,350999,,0.00018286227714270353,,
43,351049,,0.00021352739713620394,,
43,351099,,8.9672626927495e-05,,
43,351149,,0.00011142703442601487,,
43,351199,,5.904558565816842e-05,,
43,351249,,0.0008839924703352153,,
43,351299,,4.645635272026993e-05,,
43,351349,,4.969492511008866e-05,,
43,351399,,0.00011745548545150086,,
43,351449,,0.00017836634651757777,,
43,351499,,0.00016271306958515197,,
43,351549,,5.558998236665502e-05,,
43,351599,,4.048951086588204e-05,,
43,351649,,3.286678111180663e-05,,
43,351699,,5.712507845601067e-05,,
43,351749,,0.0004481841460801661,,
43,351799,,0.00029516982613131404,,
43,351849,,4.8526653699809685e-05,,
43,351899,,0.002389653353020549,,
43,351949,,0.00016555993352085352,,
43,351999,,0.0005410624435171485,,
43,352049,,0.00010473394650034606,,
43,352099,,6.67205749778077e-05,,
43,352149,,9.76414667093195e-05,,
43,352199,,0.0009425307507626712,,
43,352249,,8.026545401662588e-05,,
43,352299,,8.277282904600725e-05,,
43,352349,,0.00010812547407113016,,
43,352399,,0.00017896284407470375,,
43,352449,,6.227965059224516e-05,,
43,352499,,4.7132874897215515e-05,,
43,352549,,4.5570122892968357e-05,,
43,352599,,0.00010045603266917169,,
43,352649,,6.485650374088436e-05,,
43,352699,,6.0065074649173766e-05,,
43,352749,,5.555809548241086e-05,,
43,352799,,0.00029139214893803,,
43,352849,,0.00023197678092401475,,
43,352899,,7.608902524225414e-05,,
43,352949,,7.939216447994113e-05,,
43,352999,,0.00045251689152792096,,
43,353049,,0.0010840186150744557,,
43,353099,,9.85872175078839e-05,,
43,353149,,0.0017643030732870102,,
43,353199,,0.0001795339776435867,,
43,353249,,0.0034782306756824255,,
43,353299,,0.00015758007066324353,,
43,353349,,0.00015886116307228804,,
43,353399,,0.00010478292097104713,,
43,353449,,0.00028197516803629696,,
43,353499,,9.870303620118648e-05,,
43,353549,,0.00018710157019086182,,
43,353599,,5.419897934189066e-05,,
43,353649,,5.9912221331615e-05,,
43,353699,,0.0007351452950388193,,
43,353749,,0.00014468669542111456,,
43,353799,,0.000509296718519181,,
43,353849,,0.00011991151404799893,,
43,353899,,0.00032349899993278086,,
43,353949,,7.164619455579668e-05,,
43,353999,,0.00016810248780529946,,
43,354049,,0.0005532440263777971,,
43,354099,,8.774527668720111e-05,,
43,354149,,0.0015412609791383147,,
43,354199,,7.825020293239504e-05,,
43,354249,,5.577925549005158e-05,,
43,354299,,0.00010201879922533408,,
43,354349,,0.0006168402615003288,,
43,354399,,0.00028924259822815657,,
43,354449,,0.00014430460578296334,,
43,354499,,0.00022337413975037634,,
43,354549,,0.00010994833428412676,,
43,354599,,0.00011342149809934199,,
43,354649,,0.0006072269752621651,,
43,354699,,0.00026779735344462097,,
43,354749,,5.6539625802543014e-05,,
43,354799,,0.0002730308333411813,,
43,354849,,5.950785634922795e-05,,
43,354899,,0.00015374572831206024,,
43,354949,,0.00020225289335940033,,
43,354999,,0.00018494097457733005,,
43,355049,,0.0005636116839013994,,
43,355099,,0.00014390936121344566,,
43,355149,,0.0005112612270750105,,
43,355199,,7.961394294397905e-05,,
43,355249,,7.153450133046135e-05,,
43,355299,,3.5958826629212126e-05,,
43,355349,,4.752041058964096e-05,,
43,355399,,0.00012145814253017306,,
43,355449,,0.00014579865091945976,,
43,355499,,0.00028584827668964863,,
43,355549,,0.00026228022761642933,,
43,355599,,0.00019920532940886915,,
43,355649,,0.0005218938458710909,,
43,355699,,0.00025253562489524484,,
43,355749,,7.336958515224978e-05,,
43,355799,,0.0001539677759865299,,
43,355849,,8.596017141826451e-05,,
43,355899,,5.704440991394222e-05,,
43,355949,,4.232970604789443e-05,,
43,355999,,0.0006434800452552736,,
43,356049,,3.370898775756359e-05,,
43,356099,,6.714500341331586e-05,,
43,356149,,6.851640500826761e-05,,
43,356199,,5.574238457484171e-05,,
43,356249,,0.00020887529535684735,,
43,356299,,0.002023678505793214,,
43,356349,,6.067174399504438e-05,,
43,356399,,5.220498496782966e-05,,
43,356449,,5.901020995224826e-05,,
43,356499,,5.567693369812332e-05,,
43,356549,,0.00015944844926707447,,
43,356599,,7.704635208938271e-05,,
43,356649,,0.00014431843010243028,,
43,356699,,0.00010300347639713436,,
43,356749,,0.0004903828958049417,,
43,356799,,6.775702786399052e-05,,
43,356849,,0.0003811178612522781,,
43,356899,,0.00215960294008255,,
43,356949,,3.869163992931135e-05,,
43,356999,,8.022988913580775e-05,,
43,357049,,0.0003868027706630528,,
43,357099,,0.0004861970664933324,,
43,357149,,6.377087265718728e-05,,
43,357199,,3.368079705978744e-05,,
43,357249,,0.00010692617070162669,,
43,357299,,0.0002066986489808187,,
43,357349,,5.015225906390697e-05,,
43,357399,,0.0005359413917176425,,
43,357449,,0.00010152426693821326,,
43,357499,,9.070846863323823e-05,,
43,357549,,0.00011070421169279143,,
43,357587,,,0.0005216493736952543,0.0005216493736952543
43,357587,0.00035892645246349275,,,
44,357599,,0.0002976001414936036,,
44,357649,,7.522570376750082e-05,,
44,357699,,9.725911513669416e-05,,
44,357749,,9.169333497993648e-05,,
44,357799,,0.0005990148056298494,,
44,357849,,5.6981090892804787e-05,,
44,357899,,9.504045738140121e-05,,
44,357949,,0.00031299699912779033,,
44,357999,,0.00032490264857187867,,
44,358049,,5.097116809338331e-05,,
44,358099,,3.969087265431881e-05,,
44,358149,,3.0060644348850474e-05,,
44,358199,,0.00010959168866975233,,
44,358249,,0.00013612226757686585,,
44,358299,,4.722195444628596e-05,,
44,358349,,0.00020211772061884403,,
44,358399,,0.0007969835423864424,,
44,358449,,8.120094571495429e-05,,
44,358499,,0.0002686420048121363,,
44,358549,,7.862038182793185e-05,,
44,358599,,7.521015504607931e-05,,
44,358649,,0.0002489217440597713,,
44,358699,,0.0013341858284547925,,
44,358749,,5.929671897320077e-05,,
44,358799,,0.0005717223393730819,,
44,358849,,0.00023117897217161953,,
44,358899,,0.00012495042756199837,,
44,358949,,0.00034259207313880324,,
44,358999,,0.00026035908376798034,,
44,359049,,6.6493681515567e-05,,
44,359099,,4.5199019950814545e-05,,
44,359149,,0.00025354648823849857,,
44,359199,,0.001315411296673119,,
44,359249,,0.0003239679499529302,,
44,359299,,0.002951080212369561,,
44,359349,,0.00011886401625815779,,
44,359399,,0.00034050989779643714,,
44,359449,,0.00018864173034671694,,
44,359499,,0.00025246708537451923,,
44,359549,,0.00110546313226223,,
44,359599,,0.0004453309520613402,,
44,359649,,0.0002751747379079461,,
44,359699,,9.6240641141776e-05,,
44,359749,,6.319578824331984e-05,,
44,359799,,2.9689639632124454e-05,,
44,359849,,5.250416143098846e-05,,
44,359899,,5.961495480732992e-05,,
44,359949,,6.21083818259649e-05,,
44,359999,,0.00022270248155109584,,
44,360049,,0.0006129024550318718,,
44,360099,,0.0031517327297478914,,
44,360149,,5.691255864803679e-05,,
44,360199,,9.360440162708983e-05,,
44,360249,,0.0007462844951078296,,
44,360299,,0.00017517113883513957,,
44,360349,,8.394700853386894e-05,,
44,360399,,3.655861655715853e-05,,
44,360449,,0.0002003589179366827,,
44,360499,,0.0009154800791293383,,
44,360549,,2.597042839624919e-05,,
44,360599,,0.0006277103675529361,,
44,360649,,7.529555296059698e-05,,
44,360699,,5.702687121811323e-05,,
44,360749,,0.00010184162965742871,,
44,360799,,0.002039701212197542,,
44,360849,,0.0001737507845973596,,
44,360899,,0.0004196724621579051,,
44,360949,,4.319349682191387e-05,,
44,360999,,0.0003247082931920886,,
44,361049,,8.211430395022035e-05,,
44,361099,,3.448877396294847e-05,,
44,361149,,5.810706352349371e-05,,
44,361199,,0.0001341661118203774,,
44,361249,,0.0001517965574748814,,
44,361299,,9.894956747302786e-05,,
44,361349,,0.00010452257993165404,,
44,361399,,5.360973591450602e-05,,
44,361449,,6.198020128067583e-05,,
44,361499,,6.970405956963077e-05,,
44,361549,,0.00013449086691252887,,
44,361599,,6.664077227469534e-05,,
44,361649,,0.0004096290795132518,,
44,361699,,0.00011394610191928223,,
44,361749,,5.6365199270658195e-05,,
44,361799,,4.939962673233822e-05,,
44,361849,,5.9927926486125216e-05,,
44,361899,,0.0007373905973508954,,
44,361949,,8.790419815341011e-05,,
44,361999,,0.0006329300813376904,,
44,362049,,0.00014067580923438072,,
44,362099,,9.548779053147882e-05,,
44,362149,,0.0017734004650264978,,
44,362199,,7.730625657131895e-05,,
44,362249,,0.00015797826927155256,,
44,362299,,4.444862133823335e-05,,
44,362349,,0.0004640369734261185,,
44,362399,,6.232837768038735e-05,,
44,362449,,7.988680590642616e-05,,
44,362499,,0.00027399216196499765,,
44,362549,,2.4235117962234654e-05,,
44,362599,,8.326795068569481e-05,,
44,362649,,0.00018990648095496,,
44,362699,,0.0004922571824863553,,
44,362749,,6.168416439322755e-05,,
44,362799,,5.288503962219693e-05,,
44,362849,,7.120914233382791e-05,,
44,362899,,4.2210165702272207e-05,,
44,362949,,6.527218647534028e-05,,
44,362999,,3.939940143027343e-05,,
44,363049,,0.0007208609604276717,,
44,363099,,0.00013390672393143177,,
44,363149,,0.0008742233621887863,,
44,363199,,6.0651247622445226e-05,,
44,363249,,3.066428325837478e-05,,
44,363299,,0.0003161906497552991,,
44,363349,,0.0005975528038106859,,
44,363399,,0.00018223957158625126,,
44,363449,,0.0002830057346727699,,
44,363499,,7.070766878314316e-05,,
44,363549,,7.508043927373365e-05,,
44,363599,,5.593628520728089e-05,,
44,363649,,0.0008725692750886083,,
44,363699,,5.3131745517021045e-05,,
44,363749,,0.0005690567777492106,,
44,363799,,8.412438910454512e-05,,
44,363849,,0.00028986201505176723,,
44,363899,,6.040461812517606e-05,,
44,363949,,4.9561549531063065e-05,,
44,363999,,0.0008998487028293312,,
44,364049,,0.0004697753756772727,,
44,364099,,6.31423681625165e-05,,
44,364149,,9.746586147230119e-05,,
44,364199,,5.6836535804905e-05,,
44,364249,,0.00015373810310848057,,
44,364299,,0.00031848630169406533,,
44,364349,,9.995511209126562e-05,,
44,364399,,0.0002184436598327011,,
44,364449,,0.0031476826407015324,,
44,364499,,0.002325120149180293,,
44,364549,,0.00013758358545601368,,
44,364599,,6.299413507804275e-05,,
44,364649,,3.7585075915558264e-05,,
44,364699,,9.200700878864154e-05,,
44,364749,,0.00025160936638712883,,
44,364799,,8.464334678137675e-05,,
44,364849,,0.0030984091572463512,,
44,364899,,0.0010586569551378489,,
44,364949,,0.00010202698467765003,,
44,364999,,0.00010213696077698842,,
44,365049,,0.0003519667370710522,,
44,365099,,3.6139284929959103e-05,,
44,365149,,0.0001041259674821049,,
44,365199,,0.00019807677017524838,,
44,365249,,0.00010828538506757468,,
44,365299,,5.423097900347784e-05,,
44,365349,,0.00042463894351385534,,
44,365399,,7.04882841091603e-05,,
44,365449,,7.36365545890294e-05,,
44,365499,,0.0007187076844274998,,
44,365549,,0.00010502248187549412,,
44,365599,,0.00013220544497016817,,
44,365649,,0.0003671390004456043,,
44,365699,,4.0765000449027866e-05,,
44,365714,,,0.0005277973250485957,0.0005277973250485957
44,365714,0.00035591088817454875,,,
45,365749,,0.00024297124764416367,,
45,365799,,5.441814209916629e-05,,
45,365849,,5.202764441492036e-05,,
45,365899,,0.003371564205735922,,
45,365949,,6.685210973955691e-05,,
45,365999,,0.00010272538929712027,,
45,366049,,0.00026665328186936677,,
45,366099,,0.00012688088463619351,,
45,366149,,7.233007636386901e-05,,
45,366199,,0.0007050343556329608,,
45,366249,,0.00035808226675726473,,
45,366299,,0.0002581225417088717,,
45,366349,,0.0009451606892980635,,
45,366399,,0.0010869059478864074,,
45,366449,,6.634548481088132e-05,,
45,366499,,0.0024302604142576456,,
45,366549,,0.00182490109000355,,
45,366599,,9.010810754261911e-05,,
45,366649,,8.103159780148417e-05,,
45,366699,,6.160877092042938e-05,,
45,366749,,0.00023696754942648113,,
45,366799,,0.00012914842227473855,,
45,366849,,9.796041558729485e-05,,
45,366899,,8.122603321680799e-05,,
45,366949,,4.354503471404314e-05,,
45,366999,,9.134778520092368e-05,,
45,367049,,0.0030976654961705208,,
45,367099,,0.00032041629310697317,,
45,367149,,7.131389429559931e-05,,
45,367199,,0.00016559773939661682,,
45,367249,,5.502390195033513e-05,,
45,367299,,9.278576180804521e-05,,
45,367349,,0.0002653706178534776,,
45,367399,,5.567122207139619e-05,,
45,367449,,0.00017829329590313137,,
45,367499,,9.042656165547669e-05,,
45,367549,,0.00013346639752853662,,
45,367599,,9.270037844544277e-05,,
45,367649,,0.00014576187822967768,,
45,367699,,5.373308522393927e-05,,
45,367749,,0.0006357835954986513,,
45,367799,,0.0008460039971396327,,
45,367849,,7.666475721634924e-05,,
45,367899,,0.0004912040894851089,,
45,367949,,0.0003614878805819899,,
45,367999,,3.593713336158544e-05,,
45,368049,,9.803320426726714e-05,,
45,368099,,0.00022595420887228101,,
45,368149,,0.0002836714265868068,,
45,368199,,6.331609620247036e-05,,
45,368249,,5.0174814532510936e-05,,
45,368299,,0.0012728895526379347,,
45,368349,,5.5252086895052344e-05,,
45,368399,,0.00014655260019935668,,
45,368449,,0.00023679631703998893,,
45,368499,,0.00028864009073004127,,
45,368549,,0.00014220528828445822,,
45,368599,,6.598853360628709e-05,,
45,368649,,0.0005212890682742,,
45,368699,,5.0808521336875856e-05,,
45,368749,,0.00012215098831802607,,
45,368799,,5.503352076630108e-05,,
45,368849,,0.00022503947548102587,,
45,368899,,0.0005030418979004025,,
45,368949,,0.00011846623237943277,,
45,368999,,0.0013795456616207957,,
45,369049,,0.000239478365983814,,
45,369099,,0.0007105230470187962,,
45,369149,,7.669963815715164e-05,,
45,369199,,6.366644083755091e-05,,
45,369249,,9.879570279736072e-05,,
45,369299,,0.00015584795619361103,,
45,369349,,5.4978514526737854e-05,,
45,369399,,8.099548722384498e-05,,
45,369449,,6.030285294400528e-05,,
45,369499,,7.408896635752171e-05,,
45,369549,,5.3221487178234383e-05,,
45,369599,,8.61878288560547e-05,,
45,369649,,3.202574953320436e-05,,
45,369699,,0.023691754788160324,,
45,369749,,0.00012092585529899225,,
45,369799,,5.4503721912624314e-05,,
45,369849,,4.886134775006212e-05,,
45,369899,,0.00025627718423493207,,
45,369949,,6.470303196692839e-05,,
45,369999,,0.00010390119132352993,,
45,370049,,0.00014280059258453548,,
45,370099,,7.071888103382662e-05,,
45,370149,,0.00014005578123033047,,
45,370199,,0.0001416532468283549,,
45,370249,,0.0002715019218157977,,
45,370299,,2.431218308629468e-05,,
45,370349,,4.5309298002393916e-05,,
45,370399,,0.00020927327568642795,,
45,370449,,0.00026510516181588173,,
45,370499,,6.352063064696267e-05,,
45,370549,,0.00010886025847867131,,
45,370599,,0.00012485473416745663,,
45,370649,,8.751077257329598e-05,,
45,370699,,8.670758688822389e-05,,
45,370749,,7.07844810676761e-05,,
45,370799,,0.000174418804817833,,
45,370849,,5.560577483265661e-05,,
45,370899,,5.134384264238179e-05,,
45,370949,,6.816123641328886e-05,,
45,370999,,7.82210408942774e-05,,
45,371049,,0.00011933819041587412,,
45,371099,,2.7040177883463912e-05,,
45,371149,,0.0009516010759398341,,
45,371199,,0.0015644935192540288,,
45,371249,,0.0004064302775077522,,
45,371299,,8.23976588435471e-05,,
45,371349,,0.00014669608208350837,,
45,371399,,0.00012644333764910698,,
45,371449,,4.187474405625835e-05,,
45,371499,,3.6506960896076635e-05,,
45,371549,,8.328697003889829e-05,,
45,371599,,0.00022759262355975807,,
45,371649,,9.086674253921956e-05,,
45,371699,,0.00018620950868353248,,
45,371749,,5.9407626395113766e-05,,
45,371799,,0.00020367372781038284,,
45,371849,,3.67236316378694e-05,,
45,371899,,6.061543899704702e-05,,
45,371949,,0.00015304144471883774,,
45,371999,,4.4653213990386575e-05,,
45,372049,,8.314440492540598e-05,,
45,372099,,3.715318598551676e-05,,
45,372149,,0.00017188377387356013,,
45,372199,,0.00012278078065719455,,
45,372249,,5.221713945502415e-05,,
45,372299,,0.00010146189015358686,,
45,372349,,0.00032095026108436286,,
45,372399,,0.0001893907319754362,,
45,372449,,5.0183385610580444e-05,,
45,372499,,0.00011575579992495477,,
45,372549,,0.0001214663207065314,,
45,372599,,8.363480446860194e-05,,
45,372649,,0.00010593952902127057,,
45,372699,,0.00015985022764652967,,
45,372749,,0.0014446960994973779,,
45,372799,,5.809908907394856e-05,,
45,372849,,0.0003388654440641403,,
45,372899,,4.3331187043804675e-05,,
45,372949,,0.00010291401122231036,,
45,372999,,0.0001235202798852697,,
45,373049,,0.0001889901323011145,,
45,373099,,8.8068401964847e-05,,
45,373149,,7.709432247793302e-05,,
45,373199,,0.0003114824939984828,,
45,373249,,8.05759264039807e-05,,
45,373299,,4.914897363050841e-05,,
45,373349,,0.00012012209481326863,,
45,373399,,8.30710559966974e-05,,
45,373449,,8.841157250571996e-05,,
45,373499,,0.0020215047989040613,,
45,373549,,0.0015443911543115973,,
45,373599,,0.0005201013991609216,,
45,373649,,0.00024045180180110037,,
45,373699,,0.0009814959485083818,,
45,373749,,0.00010215536167379469,,
45,373799,,7.299053686438128e-05,,
45,373841,,,0.0005297937896102667,0.0005297937896102667
45,373841,0.000353676121449098,,,
46,373849,,5.578150739893317e-05,,
46,373899,,0.00010552007734077051,,
46,373949,,0.00019393599359318614,,
46,373999,,9.861402941169217e-05,,
46,374049,,0.0003051954845432192,,
46,374099,,0.0007526930421590805,,
46,374149,,0.0016535831382498145,,
46,374199,,0.0014293774729594588,,
46,374249,,0.0003495052515063435,,
46,374299,,4.058473132317886e-05,,
46,374349,,0.000449616665719077,,
46,374399,,0.0009768563322722912,,
46,374449,,6.715860217809677e-05,,
46,374499,,0.0006252995226532221,,
46,374549,,0.0019238410750404,,
46,374599,,0.0011934193316847086,,
46,374649,,3.357821697136387e-05,,
46,374699,,0.00016628022422082722,,
46,374749,,0.0006142036872915924,,
46,374799,,5.733815487474203e-05,,
46,374849,,6.846644100733101e-05,,
46,374899,,3.930645470973104e-05,,
46,374949,,6.0470742027973756e-05,,
46,374999,,0.00011843926040455699,,
46,375049,,0.0014588170452043414,,
46,375099,,0.00013936185860075057,,
46,375149,,0.0005332606378942728,,
46,375199,,0.0005167534109205008,,
46,375249,,6.052978278603405e-05,,
46,375299,,2.3008107746136375e-05,,
46,375349,,7.747521158307791e-05,,
46,375399,,5.358370617614128e-05,,
46,375449,,0.00013188675802666694,,
46,375499,,0.0024847188033163548,,
46,375549,,0.00030542697641067207,,
46,375599,,0.0016039517940953374,,
46,375649,,7.847771485103294e-05,,
46,375699,,6.818903784733266e-05,,
46,375749,,0.00030855697696097195,,
46,375799,,5.288419924909249e-05,,
46,375849,,0.00010048801050288603,,
46,375899,,3.116217703791335e-05,,
46,375949,,0.0006154982838779688,,
46,375999,,0.00022236720542423427,,
46,376049,,0.00048683007480576634,,
46,376099,,6.97916402714327e-05,,
46,376149,,0.00038512260653078556,,
46,376199,,0.00034433300606906414,,
46,376249,,6.74650291330181e-05,,
46,376299,,0.0013052746653556824,,
46,376349,,0.00017492467304691672,,
46,376399,,0.0003706825664266944,,
46,376449,,0.00017432931053917855,,
46,376499,,0.0002735956513788551,,
46,376549,,4.746155900647864e-05,,
46,376599,,9.070626401808113e-05,,
46,376649,,0.003020832547917962,,
46,376699,,0.0003556664159987122,,
46,376749,,8.755025919526815e-05,,
46,376799,,8.784244710113853e-05,,
46,376849,,7.614007336087525e-05,,
46,376899,,0.000261661916738376,,
46,376949,,5.2369545301189646e-05,,
46,376999,,4.51864798378665e-05,,
46,377049,,0.0002484774449840188,,
46,377099,,6.495803245343268e-05,,
46,377149,,0.00019129323482047766,,
46,377199,,0.0002180249575758353,,
46,377249,,7.169941090978682e-05,,
46,377299,,6.677776400465518e-05,,
46,377349,,0.00016988816787488759,,
46,377399,,0.00017234304687008262,,
46,377449,,0.001748455106280744,,
46,377499,,2.7154082999913953e-05,,
46,377549,,0.00012887289631180465,,
46,377599,,0.0002580402069725096,,
46,377649,,0.00042109168134629726,,
46,377699,,0.0003513116098474711,,
46,377749,,4.325510235503316e-05,,
46,377799,,5.970033089397475e-05,,
46,377849,,0.00043770100455731153,,
46,377899,,8.630764932604507e-05,,
46,377949,,0.0006847125478088856,,
46,377999,,0.0001084692994481884,,
46,378049,,0.00036340855876915157,,
46,378099,,0.001170400413684547,,
46,378149,,0.00011785083916038275,,
46,378199,,7.659227412659675e-05,,
46,378249,,0.00024285534163936973,,
46,378299,,7.717569678789005e-05,,
46,378349,,9.993577987188473e-05,,
46,378399,,9.960071474779397e-05,,
46,378449,,6.938712613191456e-05,,
46,378499,,7.262742292368785e-05,,
46,378549,,4.502166484599002e-05,,
46,378599,,7.013745198491961e-05,,
46,378649,,4.2113846575375646e-05,,
46,378699,,4.145030106883496e-05,,
46,378749,,7.344399637077004e-05,,
46,378799,,0.000508305907715112,,
46,378849,,0.00010625871800584719,,
46,378899,,7.913326408015564e-05,,
46,378949,,0.000127067556604743,,
46,378999,,0.0022414918057620525,,
46,379049,,0.00010363598994445056,,
46,379099,,0.00011132410872960463,,
46,379149,,9.187714022118598e-05,,
46,379199,,8.046982111409307e-05,,
46,379249,,0.0001979749504243955,,
46,379299,,2.216494976892136e-05,,
46,379349,,6.448728527175263e-05,,
46,379399,,6.98213407304138e-05,,
46,379449,,0.0009255388285964727,,
46,379499,,5.347203477867879e-05,,
46,379549,,0.00025889358948916197,,
46,379599,,7.024688966339454e-05,,
46,379649,,0.00043230457231402397,,
46,379699,,4.7118464863160625e-05,,
46,379749,,0.0009099572780542076,,
46,379799,,0.00020033257897011936,,
46,379849,,0.0003791551280301064,,
46,379899,,0.00014820006617810577,,
46,379949,,9.303139813710004e-05,,
46,379999,,0.0005871866596862674,,
46,380049,,6.728428706992418e-05,,
46,380099,,0.0001468798000132665,,
46,380149,,0.00011152918159496039,,
46,380199,,0.0001369340025121346,,
46,380249,,0.00011540883133420721,,
46,380299,,0.0003918889560736716,,
46,380349,,4.564668779494241e-05,,
46,380399,,0.0002808165445458144,,
46,380449,,0.00034029848757199943,,
46,380499,,0.0005888792220503092,,
46,380549,,0.00017994968220591545,,
46,380599,,7.569449371658266e-05,,
46,380649,,6.966899672988802e-05,,
46,380699,,6.746665167156607e-05,,
46,380749,,9.427915210835636e-05,,
46,380799,,0.0007046879618428648,,
46,380849,,0.00011788163828896359,,
46,380899,,6.304191629169509e-05,,
46,380949,,0.00017383313388563693,,
46,380999,,0.00012077528663212433,,
46,381049,,0.00043683077092282474,,
46,381099,,5.573199814534746e-05,,
46,381149,,0.00020892183238174766,,
46,381199,,6.984532956266776e-05,,
46,381249,,5.072007479611784e-05,,
46,381299,,6.322406989056617e-05,,
46,381349,,4.322339009377174e-05,,
46,381399,,0.00014002987882122397,,
46,381449,,0.0004628908936865628,,
46,381499,,0.00010258724068989977,,
46,381549,,6.578307511517778e-05,,
46,381599,,0.0005112296203151345,,
46,381649,,0.0004542302922345698,,
46,381699,,7.61962219257839e-05,,
46,381749,,0.0019622889813035727,,
46,381799,,2.232790575362742e-05,,
46,381849,,2.648448571562767e-05,,
46,381899,,8.362220251001418e-05,,
46,381949,,0.0014568663900718093,,
46,381968,,,0.0005220503662712872,0.0005220503662712872
46,381968,0.0003516019496601075,,,
47,381999,,3.9262769860215485e-05,,
47,382049,,0.00017895492783281952,,
47,382099,,8.315152081195265e-05,,
47,382149,,5.70207521377597e-05,,
47,382199,,0.001061083166860044,,
47,382249,,0.0003895045374520123,,
47,382299,,0.0001488558336859569,,
47,382349,,0.0008259042515419424,,
47,382399,,0.00010730286157922819,,
47,382449,,3.809229747275822e-05,,
47,382499,,3.655502951005474e-05,,
47,382549,,9.21160462894477e-05,,
47,382599,,0.000357098295353353,,
47,382649,,0.002505362033843994,,
47,382699,,5.59823056391906e-05,,
47,382749,,5.397161658038385e-05,,
47,382799,,0.00024969110381789505,,
47,382849,,0.0031625241972506046,,
47,382899,,2.893645068979822e-05,,
47,382949,,0.001239582197740674,,
47,382999,,0.00021575168648269027,,
47,383049,,7.304709288291633e-05,,
47,383099,,0.0011792578734457493,,
47,383149,,0.0001178809252451174,,
47,383199,,6.267331627896056e-05,,
47,383249,,5.305543163558468e-05,,
47,383299,,3.564215876394883e-05,,
47,383349,,7.681045826757327e-05,,
47,383399,,0.001260965596884489,,
47,383449,,0.00026935155619867146,,
47,383499,,0.00012410501949489117,,
47,383549,,4.215006629237905e-05,,
47,383599,,0.004652246367186308,,
47,383649,,6.698528886772692e-05,,
47,383699,,0.0001629470643820241,,
47,383749,,0.00015056933625601232,,
47,383799,,4.889631236437708e-05,,
47,383849,,8.649525989312679e-05,,
47,383899,,4.790544699062593e-05,,
47,383949,,0.0013278122060000896,,
47,383999,,0.00031917457818053663,,
47,384049,,0.00014991068746894598,,
47,384099,,6.289845623541623e-05,,
47,384149,,0.0006795079680159688,,
47,384199,,6.975466385483742e-05,,
47,384249,,6.575077713932842e-05,,
47,384299,,5.822760795126669e-05,,
47,384349,,4.8403013352071866e-05,,
47,384399,,0.0005075826193206012,,
47,384449,,0.0001028350307024084,,
47,384499,,7.314152753679082e-05,,
47,384549,,0.0007996995118446648,,
47,384599,,5.939445327385329e-05,,
47,384649,,0.00021098645811434835,,
47,384699,,4.773862747242674e-05,,
47,384749,,4.175027061137371e-05,,
47,384799,,4.0765589801594615e-05,,
47,384849,,5.269175017019734e-05,,
47,384899,,4.19743410020601e-05,,
47,384949,,0.000727719918359071,,
47,384999,,0.002677194308489561,,
47,385049,,0.0011776292230933905,,
47,385099,,3.5464032407617196e-05,,
47,385149,,5.3256037062965333e-05,,
47,385199,,0.0003113968705292791,,
47,385249,,9.35872521949932e-05,,
47,385299,,0.00010914566519204527,,
47,385349,,9.097754809772596e-05,,
47,385399,,0.0004526411066763103,,
47,385449,,6.902920722495764e-05,,
47,385499,,0.0015788020100444555,,
47,385549,,0.001248647109605372,,
47,385599,,0.0003208369598723948,,
47,385649,,0.00011176281259395182,,
47,385699,,9.138956374954432e-05,,
47,385749,,0.00043824047315865755,,
47,385799,,8.716956654097885e-05,,
47,385849,,6.779020623071119e-05,,
47,385899,,0.0008723509381525218,,
47,385949,,9.087727084988728e-05,,
47,385999,,4.283617818146013e-05,,
47,386049,,9.796035737963393e-05,,
47,386099,,0.00011423855175962672,,
47,386149,,4.481224459595978e-05,,
47,386199,,0.00020741306070704013,,
47,386249,,6.536977889481932e-05,,
47,386299,,0.00026696690474636853,,
47,386349,,0.00023948684975039214,,
47,386399,,9.920058073475957e-05,,
47,386449,,0.0003769733302760869,,
47,386499,,0.0003279261873103678,,
47,386549,,5.7881166867446154e-05,,
47,386599,,9.693007450550795e-05,,
47,386649,,0.00224240287207067,,
47,386699,,4.399149474920705e-05,,
47,386749,,0.00010260477574774995,,
47,386799,,0.000150473351823166,,
47,386849,,8.786997204879299e-05,,
47,386899,,5.743638030253351e-05,,
47,386949,,0.000354290270479396,,
47,386999,,5.372724262997508e-05,,
47,387049,,0.00014930462930351496,,
47,387099,,8.168935892172158e-05,,
47,387149,,3.7990841519786045e-05,,
47,387199,,0.0003403685404919088,,
47,387249,,3.700837987707928e-05,,
47,387299,,0.0005047465674579144,,
47,387349,,0.0009371025953441858,,
47,387399,,7.228640606626868e-05,,
47,387449,,0.0006014693644829094,,
47,387499,,0.0002334273885935545,,
47,387549,,0.0006383324507623911,,
47,387599,,6.202136864885688e-05,,
47,387649,,0.0006215510074980557,,
47,387699,,0.00010920576460193843,,
47,387749,,9.928945655701682e-05,,
47,387799,,6.703956751152873e-05,,
47,387849,,8.522322605131194e-05,,
47,387899,,0.0003770189650822431,,
47,387949,,4.9649126594886184e-05,,
47,387999,,0.0004403954662848264,,
47,388049,,0.0005815018084831536,,
47,388099,,0.001132325385697186,,
47,388149,,8.365476969629526e-05,,
47,388199,,0.000247099349508062,,
47,388249,,0.0001370018144370988,,
47,388299,,0.00012398562103044242,,
47,388349,,3.223634485038929e-05,,
47,388399,,8.000293018994853e-05,,
47,388449,,5.0001730414805934e-05,,
47,388499,,7.59457761887461e-05,,
47,388549,,5.550497735384852e-05,,
47,388599,,0.0001521314843557775,,
47,388649,,3.382339491508901e-05,,
47,388699,,9.951495303539559e-05,,
47,388749,,0.00021978194126859307,,
47,388799,,0.0001404037611791864,,
47,388849,,0.00020472858159337193,,
47,388899,,0.00044729793444275856,,
47,388949,,0.0004537506611086428,,
47,388999,,0.002287051174789667,,
47,389049,,0.00011186378833372146,,
47,389099,,5.407973731053062e-05,,
47,389149,,0.00014851999003440142,,
47,389199,,0.00042384560219943523,,
47,389249,,0.00014188254135660827,,
47,389299,,4.266818723408505e-05,,
47,389349,,0.00015230783901643008,,
47,389399,,0.0020472747273743153,,
47,389449,,4.840137989958748e-05,,
47,389499,,0.00028258207021281123,,
47,389549,,0.0001979652006411925,,
47,389599,,0.0002661722246557474,,
47,389649,,7.485345850000158e-05,,
47,389699,,0.00011969036131631583,,
47,389749,,0.00019630001042969525,,
47,389799,,0.00010162623948417604,,
47,389849,,7.905221718829125e-05,,
47,389899,,0.0001460327039239928,,
47,389949,,0.00048370016156695783,,
47,389999,,0.00013956293696537614,,
47,390049,,0.00014916143845766783,,
47,390095,,,0.0005182542372494936,0.0005182542372494936
47,390095,0.0003498307487461716,,,
48,390099,,0.00012948429503012449,,
48,390149,,0.000917322700843215,,
48,390199,,8.58047278597951e-05,,
48,390249,,0.0008257764857262373,,
48,390299,,4.333958713687025e-05,,
48,390349,,0.00023697211872786283,,
48,390399,,3.0156865250319242e-05,,
48,390449,,8.11950521892868e-05,,
48,390499,,8.618996071163565e-05,,
48,390549,,0.0009604897350072861,,
48,390599,,0.00031050530378706753,,
48,390649,,6.242484232643619e-05,,
48,390699,,0.00022468683891929686,,
48,390749,,7.129588630050421e-05,,
48,390799,,0.0005341178621165454,,
48,390849,,5.174370016902685e-05,,
48,390899,,0.00011119432019768283,,
48,390949,,0.0014714662684127688,,
48,390999,,0.00011136879766127095,,
48,391049,,0.00020915149070788175,,
48,391099,,8.107309986371547e-05,,
48,391149,,4.279103086446412e-05,,
48,391199,,0.0024136563297361135,,
48,391249,,4.659948172047734e-05,,
48,391299,,0.00021097582066431642,,
48,391349,,0.00038688830682076514,,
48,391399,,0.0007370417006313801,,
48,391449,,0.0003394405357539654,,
48,391499,,0.0003877040580846369,,
48,391549,,0.0006449929205700755,,
48,391599,,0.008517520502209663,,
48,391649,,0.00015592484851367772,,
48,391699,,5.7904882851289585e-05,,
48,391749,,7.827590889064595e-05,,
48,391799,,3.997673775302246e-05,,
48,391849,,0.00011108549369964749,,
48,391899,,0.00018559867748990655,,
48,391949,,0.0001641716226004064,,
48,391999,,3.574844231479801e-05,,
48,392049,,0.00040028381044976413,,
48,392099,,9.234869503416121e-05,,
48,392149,,0.00019015038560610265,,
48,392199,,7.679326517973095e-05,,
48,392249,,0.0004646346205845475,,
48,392299,,0.0002526265452615917,,
48,392349,,9.127611701842397e-05,,
48,392399,,8.187142520910129e-05,,
48,392449,,7.773277320666239e-05,,
48,392499,,0.000620013102889061,,
48,392549,,9.782160486793146e-05,,
48,392599,,6.680579099338502e-05,,
48,392649,,5.5696753406664357e-05,,
48,392699,,6.713226321153343e-05,,
48,392749,,0.00013016896264161915,,
48,392799,,0.00021143951744306833,,
48,392849,,5.600040458375588e-05,,
48,392899,,6.0242389736231416e-05,,
48,392949,,0.023463403806090355,,
48,392999,,0.003214926226064563,,
48,393049,,7.312573870876804e-05,,
48,393099,,5.181938468012959e-05,,
48,393149,,0.0008699192549102008,,
48,393199,,4.777540380018763e-05,,
48,393249,,8.151499787345529e-05,,
48,393299,,0.0006868489435873926,,
48,393349,,6.521747855003923e-05,,
48,393399,,0.00013210000179242343,,
48,393449,,4.054687815369107e-05,,
48,393499,,0.00011489811004139483,,
48,393549,,5.415021951193921e-05,,
48,393599,,5.040006362833083e-05,,
48,393649,,5.236297511146404e-05,,
48,393699,,0.0005617103888653219,,
48,393749,,5.158358544576913e-05,,
48,393799,,6.0785521782236174e-05,,
48,393849,,0.0009527282090857625,,
48,393899,,0.0013439771719276905,,
48,393949,,9.460916771786287e-05,,
48,393999,,0.0010727782500907779,,
48,394049,,5.0434191507520154e-05,,
48,394099,,0.0008307407842949033,,
48,394149,,0.0003455783298704773,,
48,394199,,6.091508475947194e-05,,
48,394249,,0.00022454971622209996,,
48,394299,,0.00010649918112903833,,
48,394349,,0.0001895001478260383,,
48,394399,,9.501026943325996e-05,,
48,394449,,0.00042143830796703696,,
48,394499,,5.312159191817045e-05,,
48,394549,,0.0007080413633957505,,
48,394599,,0.00016596177010796964,,
48,394649,,0.0002004227280849591,,
48,394699,,0.00017833277524914593,,
48,394749,,3.05318899336271e-05,,
48,394799,,0.00013115890033077449,,
48,394849,,0.0018811606569215655,,
48,394899,,2.56420171353966e-05,,
48,394949,,0.00038492120802402496,,
48,394999,,7.472242577932775e-05,,
48,395049,,0.00013254543591756374,,
48,395099,,7.10914027877152e-05,,
48,395149,,0.00013673440844286233,,
48,395199,,0.00035781049518845975,,
48,395249,,0.0008324321242980659,,
48,395299,,0.0009209053823724389,,
48,395349,,9.846223110798746e-05,,
48,395399,,3.416505569475703e-05,,
48,395449,,0.00014536308299284428,,
48,395499,,0.0013623773120343685,,
48,395549,,0.00040062409243546426,,
48,395599,,9.968510130420327e-05,,
48,395649,,0.00016302081348840147,,
48,395699,,0.0001250794157385826,,
48,395749,,3.537890006555244e-05,,
48,395799,,0.00046952281263656914,,
48,395849,,0.00033025071024894714,,
48,395899,,0.00011900699610123411,,
48,395949,,0.0007821882027201355,,
48,395999,,8.030611206777394e-05,,
48,396049,,0.00010184507118538022,,
48,396099,,5.209866867517121e-05,,
48,396149,,0.0007356282440014184,,
48,396199,,0.00024220538034569472,,
48,396249,,7.496764737879857e-05,,
48,396299,,2.7446267267805524e-05,,
48,396349,,6.422909063985571e-05,,
48,396399,,0.0009139971807599068,,
48,396449,,0.0007715810206718743,,
48,396499,,9.03331529116258e-05,,
48,396549,,0.00046694386401213706,,
48,396599,,0.00038692771340720356,,
48,396649,,8.625203918199986e-05,,
48,396699,,0.00031151302391663194,,
48,396749,,6.776882219128311e-05,,
48,396799,,9.13601033971645e-05,,
48,396849,,5.9869085816899315e-05,,
48,396899,,7.11777393007651e-05,,
48,396949,,0.0003829344059340656,,
48,396999,,8.425879786955193e-05,,
48,397049,,4.864010043093003e-05,,
48,397099,,9.608646359993145e-05,,
48,397149,,0.0005066649173386395,,
48,397199,,0.0007637258968316019,,
48,397249,,7.029223343124613e-05,,
48,397299,,3.914982880814932e-05,,
48,397349,,0.00012710950977634639,,
48,397399,,5.3040468628751114e-05,,
48,397449,,0.003379062982276082,,
48,397499,,0.0001104131733882241,,
48,397549,,7.741236186120659e-05,,
48,397599,,0.0009485833579674363,,
48,397649,,0.0003997843014076352,,
48,397699,,0.0001197792444145307,,
48,397749,,6.918153667356819e-05,,
48,397799,,4.877821993432008e-05,,
48,397849,,6.257503991946578e-05,,
48,397899,,0.000550410186406225,,
48,397949,,0.00016516515461262316,,
48,397999,,8.31551878945902e-05,,
48,398049,,9.266047709388658e-05,,
48,398099,,2.8500715416157618e-05,,
48,398149,,0.0004570187593344599,,
48,398199,,4.416002411744557e-05,,
48,398222,,,0.0005215220735408366,0.0005215220735408366
48,398222,0.0003474695549812168,,,
49,398249,,0.00033384995185770094,,
49,398299,,5.804367901873775e-05,,
49,398349,,8.029832679312676e-05,,
49,398399,,3.9096586988307536e-05,,
49,398449,,0.0003333723288960755,,
49,398499,,0.00013400727766565979,,
49,398549,,0.00011177703709108755,,
49,398599,,0.00019872364646289498,,
49,398649,,0.0005903601413592696,,
49,398699,,0.0005908742314204574,,
49,398749,,1.773871190380305e-05,,
49,398799,,3.6492099752649665e-05,,
49,398849,,0.00029553199419751763,,
49,398899,,4.372800322016701e-05,,
49,398949,,5.441303437692113e-05,,
49,398999,,0.00031882961047813296,,
49,399049,,0.00037515576696023345,,
49,399099,,4.419400647748262e-05,,
49,399149,,0.0008338763727806509,,
49,399199,,6.428286724258214e-05,,
49,399249,,0.0016359655419364572,,
49,399299,,0.0008442538673989475,,
49,399349,,4.71780113002751e-05,,
49,399399,,0.0003950245736632496,,
49,399449,,0.0008429412846453488,,
49,399499,,7.650199404451996e-05,,
49,399549,,6.751749606337398e-05,,
49,399599,,0.0001661810529185459,,
49,399649,,0.00011509501200634986,,
49,399699,,2.495085573173128e-05,,
49,399749,,4.62960269942414e-05,,
49,399799,,0.00020744427456520498,,
49,399849,,0.00013442873023450375,,
49,399899,,0.0003028418868780136,,
49,399949,,0.0005123578594066203,,
49,399999,,8.651828829897568e-05,,
49,400049,,7.911270222393796e-05,,
49,400099,,0.0012458281125873327,,
49,400149,,4.638663449441083e-05,,
49,400199,,8.927199814934283e-05,,
49,400249,,0.00023081501421984285,,
49,400299,,0.00010940496576949954,,
49,400349,,0.00022037273447494954,,
49,400399,,0.002019632840529084,,
49,400449,,8.176255505532026e-05,,
49,400499,,0.000296840094961226,,
49,400549,,0.0005046978476457298,,
49,400599,,0.0027193271089345217,,
49,400649,,0.0004453978908713907,,
49,400699,,2.9246853955555707e-05,,
49,400749,,0.00017910449241753668,,
49,400799,,0.00015415530651807785,,
49,400849,,5.521808270714246e-05,,
49,400899,,0.00010229589679511264,,
49,400949,,9.030141518451273e-05,,
49,400999,,0.0007916218601167202,,
49,401049,,0.0014281678013503551,,
49,401099,,7.747001654934138e-05,,
49,401149,,0.00018677194020710886,,
49,401199,,3.77101605408825e-05,,
49,401249,,0.0026712671387940645,,
49,401299,,7.572142931167036e-05,,
49,401349,,0.00012996169971302152,,
49,401399,,4.273936792742461e-05,,
49,401449,,0.0004109114524908364,,
49,401499,,5.496670928550884e-05,,
49,401549,,0.0008542057476006448,,
49,401599,,0.0002094489027513191,,
49,401649,,0.00011288875248283148,,
49,401699,,3.7462272302946076e-05,,
49,401749,,0.000359709287295118,,
49,401799,,7.015457231318578e-05,,
49,401849,,0.00013493494770955294,,
49,401899,,4.435752271092497e-05,,
49,401949,,0.00019034880097024143,,
49,401999,,0.00011685115896398202,,
49,402049,,0.00010847636440303177,,
49,402099,,0.00013773857790511101,,
49,402149,,0.0008234979468397796,,
49,402199,,6.900503649376333e-05,,
49,402249,,5.4492837080033496e-05,,
49,402299,,0.0009011129150167108,,
49,402349,,0.00024558897712267935,,
49,402399,,0.00010210487380390987,,
49,402449,,0.0020136553794145584,,
49,402499,,9.9787357612513e-05,,
49,402549,,0.0003157358441967517,,
49,402599,,0.0007956506451591849,,
49,402649,,5.3721520089311525e-05,,
49,402699,,0.00019651479669846594,,
49,402749,,0.00018276169430464506,,
49,402799,,0.00011014628398697823,,
49,402849,,0.0009282341343350708,,
49,402899,,5.019704258302227e-05,,
49,402949,,0.00031309909536503255,,
49,402999,,6.99736483511515e-05,,
49,403049,,0.0011559834238141775,,
49,403099,,5.968393088551238e-05,,
49,403149,,8.748866093810648e-05,,
49,403199,,4.080740109202452e-05,,
49,403249,,0.0010960225481539965,,
49,403299,,0.0004325708723627031,,
49,403349,,0.0004032049037050456,,
49,403399,,5.2960160246584564e-05,,
49,403449,,7.662432471988723e-05,,
49,403499,,0.00012314193008933216,,
49,403549,,3.1423962354892865e-05,,
49,403599,,4.325755435274914e-05,,
49,403649,,6.583479989785701e-05,,
49,403699,,0.00038719031726941466,,
49,403749,,0.00010072109580505639,,
49,403799,,0.00046516666770912707,,
49,403849,,6.176107854116708e-05,,
49,403899,,8.687723311595619e-05,,
49,403949,,0.002076714066788554,,
49,403999,,0.000525724608451128,,
49,404049,,0.00010367211507400498,,
49,404099,,4.386819273349829e-05,,
49,404149,,8.42873560031876e-05,,
49,404199,,8.276761946035549e-05,,
49,404249,,0.0009589270339347422,,
49,404299,,6.121955811977386e-05,,
49,404349,,0.0004889250849373639,,
49,404399,,0.00012507635983638465,,
49,404449,,0.00020166892500128597,,
49,404499,,6.5477957832627e-05,,
49,404549,,5.025013524573296e-05,,
49,404599,,0.00010312956146663055,,
49,404649,,5.426971256383695e-05,,
49,404699,,7.269907655427232e-05,,
49,404749,,0.0015232262667268515,,
49,404799,,9.198163024848327e-05,,
49,404849,,5.9967256675008684e-05,,
49,404899,,3.947231743950397e-05,,
49,404949,,0.0011830470757558942,,
49,404999,,0.0003284676349721849,,
49,405049,,0.00014120459672994912,,
49,405099,,3.737372753676027e-05,,
49,405149,,0.0005277014570310712,,
49,405199,,0.00048723650979809463,,
49,405249,,5.190001684240997e-05,,
49,405299,,5.528108886210248e-05,,
49,405349,,5.96082245465368e-05,,
49,405399,,0.0008081455016508698,,
49,405449,,3.3909589546965435e-05,,
49,405499,,0.000678388518281281,,
49,405549,,0.0007887943065725267,,
49,405599,,0.00012226533726789057,,
49,405649,,6.616565224248916e-05,,
49,405699,,3.6914942029397935e-05,,
49,405749,,0.00012511867680586874,,
49,405799,,0.0005975023959763348,,
49,405849,,0.00012595157022587955,,
49,405899,,7.466395618394017e-05,,
49,405949,,0.0005559007404372096,,
49,405999,,4.148861626163125e-05,,
49,406049,,9.433188824914396e-05,,
49,406099,,2.600807238195557e-05,,
49,406149,,7.377771544270217e-05,,
49,406199,,7.513832679251209e-05,,
49,406249,,4.906777758151293e-05,,
49,406299,,3.7331556086428463e-05,,
49,406349,,4.657132376451045e-05,,
49,406349,,,0.0005193183897063136,0.0005193183897063136
49,406349,0.00034553217119537294,,,
